name,latitude,longitude,type,popup
Williams College,42.712725,-73.203132,LAC,"<strong>Williams College</strong><br/>Williamstown, MA<br/>Type: LAC"
Amherst College,42.372459,-72.518493,LAC,"<strong>Amherst College</strong><br/>Amherst, MA<br/>Type: LAC"
United States Naval Academy,38.980507,-76.481692,LAC,"<strong>United States Naval Academy</strong><br/>Annapolis, MD<br/>Type: LAC"
Swarthmore College,39.905159,-75.354278,LAC,"<strong>Swarthmore College</strong><br/>Swarthmore, PA<br/>Type: LAC"
Bowdoin College,43.907134,-69.963942,LAC,"<strong>Bowdoin College</strong><br/>Brunswick, ME<br/>Type: LAC"
United States Air Force Academy,39.010957,-104.891358,LAC,"<strong>United States Air Force Academy</strong><br/>USAF Academy, CO<br/>Type: LAC"
Pomona College,34.099027,-117.714556,LAC,"<strong>Pomona College</strong><br/>Claremont, CA<br/>Type: LAC"
Wellesley College,42.291554,-71.306605,LAC,"<strong>Wellesley College</strong><br/>Wellesley, MA<br/>Type: LAC"
Claremont McKenna College,34.102154,-117.711188,LAC,"<strong>Claremont McKenna College</strong><br/>Claremont, CA<br/>Type: LAC"
United States Military Academy,41.388988,-73.956772,LAC,"<strong>United States Military Academy</strong><br/>West  Point, NY<br/>Type: LAC"
Carleton College,44.462318,-93.154666,LAC,"<strong>Carleton College</strong><br/>Northfield, MN<br/>Type: LAC"
Harvey Mudd College,34.106515,-117.709837,LAC,"<strong>Harvey Mudd College</strong><br/>Claremont, CA<br/>Type: LAC"
Vassar College,41.686895,-73.895088,LAC,"<strong>Vassar College</strong><br/>Poughkeepsie, NY<br/>Type: LAC"
Barnard College,40.810098000000004,-73.963346,LAC,"<strong>Barnard College</strong><br/>New York, NY<br/>Type: LAC"
Wesleyan University,41.554665,-72.657146,LAC,"<strong>Wesleyan University</strong><br/>Middletown, CT<br/>Type: LAC"
Davidson College,35.499767,-80.843979,LAC,"<strong>Davidson College</strong><br/>Davidson, NC<br/>Type: LAC"
Hamilton College,43.050245,-75.408195,LAC,"<strong>Hamilton College</strong><br/>Clinton, NY<br/>Type: LAC"
Smith College,42.318111,-72.638097,LAC,"<strong>Smith College</strong><br/>Northampton, MA<br/>Type: LAC"
Grinnell College,41.747952,-92.722094,LAC,"<strong>Grinnell College</strong><br/>Grinnell, IA<br/>Type: LAC"
Middlebury College,44.009117,-73.176068,LAC,"<strong>Middlebury College</strong><br/>Middlebury, VT<br/>Type: LAC"
Washington and Lee University,37.788939,-79.443018,LAC,"<strong>Washington and Lee University</strong><br/>Lexington, VA<br/>Type: LAC"
Colgate University,42.819475,-75.536346,LAC,"<strong>Colgate University</strong><br/>Hamilton, NY<br/>Type: LAC"
University of Richmond,37.577393,-77.538806,LAC,"<strong>University of Richmond</strong><br/>University of Richmond, VA<br/>Type: LAC"
Haverford College,40.007452,-75.305207,LAC,"<strong>Haverford College</strong><br/>Haverford, PA<br/>Type: LAC"
Colby College,44.564211,-69.66337,LAC,"<strong>Colby College</strong><br/>Waterville, ME<br/>Type: LAC"
Bates College,44.105299,-70.203333,LAC,"<strong>Bates College</strong><br/>Lewiston, ME<br/>Type: LAC"
College of the Holy Cross,42.23752,-71.808214,LAC,"<strong>College of the Holy Cross</strong><br/>Worcester, MA<br/>Type: LAC"
Macalester College,44.938565,-93.168053,LAC,"<strong>Macalester College</strong><br/>Saint Paul, MN<br/>Type: LAC"
Mount Holyoke College,42.25489,-72.573916,LAC,"<strong>Mount Holyoke College</strong><br/>South Hadley, MA<br/>Type: LAC"
Colorado College,38.84886,-104.822697,LAC,"<strong>Colorado College</strong><br/>Colorado Springs, CO<br/>Type: LAC"
Bryn Mawr College,40.02736,-75.313223,LAC,"<strong>Bryn Mawr College</strong><br/>Bryn Mawr, PA<br/>Type: LAC"
Bucknell University,40.954317,-76.882616,LAC,"<strong>Bucknell University</strong><br/>Lewisburg, PA<br/>Type: LAC"
Lafayette College,40.69956,-75.209786,LAC,"<strong>Lafayette College</strong><br/>Easton, PA<br/>Type: LAC"
Denison University,40.071505,-82.523272,LAC,"<strong>Denison University</strong><br/>Granville, OH<br/>Type: LAC"
Franklin and Marshall College,40.048045,-76.319037,LAC,"<strong>Franklin and Marshall College</strong><br/>Lancaster, PA<br/>Type: LAC"
Occidental College,34.127124,-118.210908,LAC,"<strong>Occidental College</strong><br/>Los Angeles, CA<br/>Type: LAC"
Skidmore College,43.097035,-73.785335,LAC,"<strong>Skidmore College</strong><br/>Saratoga Springs, NY<br/>Type: LAC"
Pitzer College,34.104107,-117.706675,LAC,"<strong>Pitzer College</strong><br/>Claremont, CA<br/>Type: LAC"
Trinity College,41.747451,-72.690882,LAC,"<strong>Trinity College</strong><br/>Hartford, CT<br/>Type: LAC"
Spelman College,33.745279,-84.411527,LAC,"<strong>Spelman College</strong><br/>Atlanta, GA<br/>Type: LAC"
Trinity University,29.462682,-98.48186,LAC,"<strong>Trinity University</strong><br/>San Antonio, TX<br/>Type: LAC"
Scripps College,34.104147,-117.711294,LAC,"<strong>Scripps College</strong><br/>Claremont, CA<br/>Type: LAC"
Soka University of America,33.554546,-117.735344,LAC,"<strong>Soka University of America</strong><br/>Aliso Viejo, CA<br/>Type: LAC"
Union College,42.818097,-73.928788,LAC,"<strong>Union College</strong><br/>Schenectady, NY<br/>Type: LAC"
Berea College,37.57202,-84.292893,LAC,"<strong>Berea College</strong><br/>Berea, KY<br/>Type: LAC"
Kenyon College,40.374408,-82.397977,LAC,"<strong>Kenyon College</strong><br/>Gambier, OH<br/>Type: LAC"
Dickinson College,40.202796,-77.197854,LAC,"<strong>Dickinson College</strong><br/>Carlisle, PA<br/>Type: LAC"
Furman University,34.924676,-82.440458,LAC,"<strong>Furman University</strong><br/>Greenville, SC<br/>Type: LAC"
Sewanee: The University of the South,35.204719,-85.920179,LAC,"<strong>Sewanee: The University of the South</strong><br/>Sewanee, TN<br/>Type: LAC"
Hillsdale College,41.933682,-84.633195,LAC,"<strong>Hillsdale College</strong><br/>Hillsdale, MI<br/>Type: LAC"
St. Olaf College,44.461529,-93.182039,LAC,"<strong>St. Olaf College</strong><br/>Northfield, MN<br/>Type: LAC"
Wheaton College,41.870176,-88.099643,LAC,"<strong>Wheaton College</strong><br/>Wheaton, IL<br/>Type: LAC"
Connecticut College,41.379833,-72.107321,LAC,"<strong>Connecticut College</strong><br/>New London, CT<br/>Type: LAC"
Wabash College,40.037588,-86.906,LAC,"<strong>Wabash College</strong><br/>Crawfordsville, IN<br/>Type: LAC"
Centre College,37.645709,-84.779392,LAC,"<strong>Centre College</strong><br/>Danville, KY<br/>Type: LAC"
Rhodes College,35.154405,-89.990803,LAC,"<strong>Rhodes College</strong><br/>Memphis, TN<br/>Type: LAC"
Thomas Aquinas College,34.429009,-119.087141,LAC,"<strong>Thomas Aquinas College</strong><br/>Santa Paula, CA<br/>Type: LAC"
DePauw University,39.640904,-86.860363,LAC,"<strong>DePauw University</strong><br/>Greencastle, IN<br/>Type: LAC"
Whitman College,46.069815,-118.331546,LAC,"<strong>Whitman College</strong><br/>Walla Walla, WA<br/>Type: LAC"
Oberlin College and Conservatory,41.291992,-82.216795,LAC,"<strong>Oberlin College and Conservatory</strong><br/>Oberlin, OH<br/>Type: LAC"
Gettysburg College,39.836597,-77.236792,LAC,"<strong>Gettysburg College</strong><br/>Gettysburg, PA<br/>Type: LAC"
St. Lawrence University,44.589879,-75.161343,LAC,"<strong>St. Lawrence University</strong><br/>Canton, NY<br/>Type: LAC"
Reed College,45.480959,-122.630348,LAC,"<strong>Reed College</strong><br/>Portland, OR<br/>Type: LAC"
Principia College,38.948835,-90.350285,LAC,"<strong>Principia College</strong><br/>Elsah, IL<br/>Type: LAC"
Virginia Military Institute,37.7896,-79.437067,LAC,"<strong>Virginia Military Institute</strong><br/>Lexington, VA<br/>Type: LAC"
Lawrence University,44.261323,-88.397822,LAC,"<strong>Lawrence University</strong><br/>Appleton, WI<br/>Type: LAC"
Agnes Scott College,33.769268,-84.295459,LAC,"<strong>Agnes Scott College</strong><br/>Decatur, GA<br/>Type: LAC"
Wofford College,34.959411,-81.933568,LAC,"<strong>Wofford College</strong><br/>Spartanburg, SC<br/>Type: LAC"
Kalamazoo College,42.290789,-85.601857,LAC,"<strong>Kalamazoo College</strong><br/>Kalamazoo, MI<br/>Type: LAC"
Gustavus Adolphus College,44.323626,-93.972196,LAC,"<strong>Gustavus Adolphus College</strong><br/>Saint Peter, MN<br/>Type: LAC"
Bard College,42.020386,-73.909927,LAC,"<strong>Bard College</strong><br/>Annandale-On-Hudson, NY<br/>Type: LAC"
Muhlenberg College,40.596416,-75.508501999999993,LAC,"<strong>Muhlenberg College</strong><br/>Allentown, PA<br/>Type: LAC"
College of St. Benedict,45.561792,-94.319888,LAC,"<strong>College of St. Benedict</strong><br/>Saint Joseph, MN<br/>Type: LAC"
Hobart and William Smith Colleges,42.858131,-76.985516,LAC,"<strong>Hobart and William Smith Colleges</strong><br/>Geneva, NY<br/>Type: LAC"
Lake Forest College,42.249574,-87.827454,LAC,"<strong>Lake Forest College</strong><br/>Lake Forest, IL<br/>Type: LAC"
Wheaton College,41.966637,-71.183979,LAC,"<strong>Wheaton College</strong><br/>Norton, MA<br/>Type: LAC"
Earlham College,39.823431,-84.915037,LAC,"<strong>Earlham College</strong><br/>Richmond, IN<br/>Type: LAC"
College of Wooster,40.81046,-81.934674,LAC,"<strong>College of Wooster</strong><br/>Wooster, OH<br/>Type: LAC"
Willamette University,44.935457,-123.030537,LAC,"<strong>Willamette University</strong><br/>Salem, OR<br/>Type: LAC"
Allegheny College,41.64869,-80.147168,LAC,"<strong>Allegheny College</strong><br/>Meadville, PA<br/>Type: LAC"
Knox College,40.943064,-90.373165,LAC,"<strong>Knox College</strong><br/>Galesburg, IL<br/>Type: LAC"
St. John's University,45.580075,-94.393621,LAC,"<strong>St. John's University</strong><br/>Collegeville, MN<br/>Type: LAC"
Stonehill College,42.05905,-71.080632,LAC,"<strong>Stonehill College</strong><br/>Easton, MA<br/>Type: LAC"
Saint Mary's College,41.707274,-86.256947,LAC,"<strong>Saint Mary's College</strong><br/>Notre Dame, IN<br/>Type: LAC"
St. John's College,38.981598,-76.491359,LAC,"<strong>St. John's College</strong><br/>Annapolis, MD<br/>Type: LAC"
Ursinus College,40.193023,-75.456505,LAC,"<strong>Ursinus College</strong><br/>Collegeville, PA<br/>Type: LAC"
Southwestern University,30.634341,-97.665738,LAC,"<strong>Southwestern University</strong><br/>Georgetown, TX<br/>Type: LAC"
Austin College,33.646345,-96.596331,LAC,"<strong>Austin College</strong><br/>Sherman, TX<br/>Type: LAC"
Drew University,40.761829,-74.424584,LAC,"<strong>Drew University</strong><br/>Madison, NJ<br/>Type: LAC"
Washington and Jefferson College,40.170622,-80.24049,LAC,"<strong>Washington and Jefferson College</strong><br/>Washington, PA<br/>Type: LAC"
Hope College,42.787247,-86.100971,LAC,"<strong>Hope College</strong><br/>Holland, MI<br/>Type: LAC"
Juniata College,40.500523,-78.017292,LAC,"<strong>Juniata College</strong><br/>Huntingdon, PA<br/>Type: LAC"
Beloit College,42.504022,-89.029285,LAC,"<strong>Beloit College</strong><br/>Beloit, WI<br/>Type: LAC"
Washington College,39.217329,-76.06878,LAC,"<strong>Washington College</strong><br/>Chestertown, MD<br/>Type: LAC"
Whittier College,33.978773,-118.032299,LAC,"<strong>Whittier College</strong><br/>Whittier, CA<br/>Type: LAC"
Saint Anselm College,42.986889,-71.503622,LAC,"<strong>Saint Anselm College</strong><br/>Manchester, NH<br/>Type: LAC"
University of Puget Sound,47.26308,-122.478982,LAC,"<strong>University of Puget Sound</strong><br/>Tacoma, WA<br/>Type: LAC"
Morehouse College,33.745982,-84.414917,LAC,"<strong>Morehouse College</strong><br/>Atlanta, GA<br/>Type: LAC"
St. Mary's College of Maryland,38.188047,-76.430994,LAC,"<strong>St. Mary's College of Maryland</strong><br/>St. Mary's City, MD<br/>Type: LAC"
Augustana College,41.502365,-90.55057,LAC,"<strong>Augustana College</strong><br/>Rock Island, IL<br/>Type: LAC"
Lycoming College,41.24666,-77,LAC,"<strong>Lycoming College</strong><br/>Williamsport, PA<br/>Type: LAC"
Lewis & Clark College,45.450882,-122.669137,LAC,"<strong>Lewis & Clark College</strong><br/>Portland, OR<br/>Type: LAC"
Randolph-Macon College,37.76043,-77.478416,LAC,"<strong>Randolph-Macon College</strong><br/>Ashland, VA<br/>Type: LAC"
Susquehanna University,40.797502,-76.875329,LAC,"<strong>Susquehanna University</strong><br/>Selinsgrove, PA<br/>Type: LAC"
St. John's College,35.666974,-105.912478,LAC,"<strong>St. John's College</strong><br/>Santa Fe, NM<br/>Type: LAC"
Hendrix College,35.101565,-92.443256,LAC,"<strong>Hendrix College</strong><br/>Conway, AR<br/>Type: LAC"
Hampden-Sydney College,37.240615,-78.464216,LAC,"<strong>Hampden-Sydney College</strong><br/>Hampden-Sydney, VA<br/>Type: LAC"
Patrick Henry College,39.138687,-77.690939,LAC,"<strong>Patrick Henry College</strong><br/>Purcellville, VA<br/>Type: LAC"
Sarah Lawrence College,40.9355,-73.843727,LAC,"<strong>Sarah Lawrence College</strong><br/>Bronxville, NY<br/>Type: LAC"
Transylvania University,38.052983,-84.493202,LAC,"<strong>Transylvania University</strong><br/>Lexington, KY<br/>Type: LAC"
St. Norbert College,44.44483,-88.067812,LAC,"<strong>St. Norbert College</strong><br/>De Pere, WI<br/>Type: LAC"
Linfield College,45.201173,-123.199642,LAC,"<strong>Linfield College</strong><br/>McMinnville, OR<br/>Type: LAC"
Luther College,43.312304,-91.802809,LAC,"<strong>Luther College</strong><br/>Decorah, IA<br/>Type: LAC"
Illinois College,39.7313,-90.246171,LAC,"<strong>Illinois College</strong><br/>Jacksonville, IL<br/>Type: LAC"
Hanover College,38.715642,-85.460051000000007,LAC,"<strong>Hanover College</strong><br/>Hanover, IN<br/>Type: LAC"
Westmont College,34.450151,-119.662517,LAC,"<strong>Westmont College</strong><br/>Santa Barbara, CA<br/>Type: LAC"
Massachusetts College of Liberal Arts,42.691361,-73.102817,LAC,"<strong>Massachusetts College of Liberal Arts</strong><br/>North Adams, MA<br/>Type: LAC"
Saint Michael's College,44.494558,-73.167069,LAC,"<strong>Saint Michael's College</strong><br/>Colchester, VT<br/>Type: LAC"
University of Minnesota Morris,45.589775,-95.899729,LAC,"<strong>University of Minnesota Morris</strong><br/>Morris, MN<br/>Type: LAC"
Meredith College,35.799351,-78.689995,LAC,"<strong>Meredith College</strong><br/>Raleigh, NC<br/>Type: LAC"
Westminster College,41.119272,-80.331017,LAC,"<strong>Westminster College</strong><br/>New Wilmington, PA<br/>Type: LAC"
Bennington College,42.919547,-73.237799,LAC,"<strong>Bennington College</strong><br/>Bennington, VT<br/>Type: LAC"
Saint Vincent College,40.29265,-79.403762,LAC,"<strong>Saint Vincent College</strong><br/>Latrobe, PA<br/>Type: LAC"
Ohio Wesleyan University,40.295963,-83.069757,LAC,"<strong>Ohio Wesleyan University</strong><br/>Delaware, OH<br/>Type: LAC"
Cornell College,41.924554,-91.423741,LAC,"<strong>Cornell College</strong><br/>Mount Vernon, IA<br/>Type: LAC"
Covenant College,34.965161,-85.375066,LAC,"<strong>Covenant College</strong><br/>Lookout Mountain, GA<br/>Type: LAC"
Roanoke College,37.294861,-80.055467,LAC,"<strong>Roanoke College</strong><br/>Salem, VA<br/>Type: LAC"
Goucher College,39.410175,-76.594843,LAC,"<strong>Goucher College</strong><br/>Baltimore, MD<br/>Type: LAC"
Coe College,41.988263,-91.658192,LAC,"<strong>Coe College</strong><br/>Cedar Rapids, IA<br/>Type: LAC"
College of the Atlantic,44.395258,-68.221517,LAC,"<strong>College of the Atlantic</strong><br/>Bar Harbor, ME<br/>Type: LAC"
Albion College,42.245049,-84.745639,LAC,"<strong>Albion College</strong><br/>Albion, MI<br/>Type: LAC"
Central College,41.401539,-92.922199,LAC,"<strong>Central College</strong><br/>Pella, IA<br/>Type: LAC"
University of Mary Washington,38.302492,-77.476055,LAC,"<strong>University of Mary Washington</strong><br/>Fredericksburg, VA<br/>Type: LAC"
State University of New York at Purchase College,41.047223,-73.701955,LAC,"<strong>State University of New York at Purchase College</strong><br/>Purchase, NY<br/>Type: LAC"
New College of Florida,27.384925,-82.55858,LAC,"<strong>New College of Florida</strong><br/>Sarasota, FL<br/>Type: LAC"
Eckerd College,27.715798,-82.687043,LAC,"<strong>Eckerd College</strong><br/>Saint Petersburg, FL<br/>Type: LAC"
Concordia College at Moorhead,46.862482,-96.76749,LAC,"<strong>Concordia College at Moorhead</strong><br/>Moorhead, MN<br/>Type: LAC"
University of North Carolina at Asheville,35.617068,-82.565392,LAC,"<strong>University of North Carolina at Asheville</strong><br/>Asheville, NC<br/>Type: LAC"
Hollins University,37.354201,-79.943277,LAC,"<strong>Hollins University</strong><br/>Roanoke, VA<br/>Type: LAC"
Emmanuel College,42.340602,-71.103634,LAC,"<strong>Emmanuel College</strong><br/>Boston, MA<br/>Type: LAC"
University of New Hampshire at Manchester,42.987209,-71.468755,LAC,"<strong>University of New Hampshire at Manchester</strong><br/>Manchester, NH<br/>Type: LAC"
Claflin University,33.498444,-80.854319,LAC,"<strong>Claflin University</strong><br/>Orangeburg, SC<br/>Type: LAC"
Salem College,36.086271000000004,-80.241297,LAC,"<strong>Salem College</strong><br/>Winston-Salem, NC<br/>Type: LAC"
Centenary College of Louisiana,32.483335,-93.730834,LAC,"<strong>Centenary College of Louisiana</strong><br/>Shreveport, LA<br/>Type: LAC"
Ripon College,43.844135,-88.842333,LAC,"<strong>Ripon College</strong><br/>Ripon, WI<br/>Type: LAC"
Millsaps College,32.322746,-90.179957,LAC,"<strong>Millsaps College</strong><br/>Jackson, MS<br/>Type: LAC"
Franklin College,39.478298,-86.047182,LAC,"<strong>Franklin College</strong><br/>Franklin, IN<br/>Type: LAC"
Aquinas College,42.96019,-85.628785,LAC,"<strong>Aquinas College</strong><br/>Grand Rapids, MI<br/>Type: LAC"
Houghton College,42.426137,-78.155426,LAC,"<strong>Houghton College</strong><br/>Houghton, NY<br/>Type: LAC"
New Saint Andrews College,46.731422,-117.001804,LAC,"<strong>New Saint Andrews College</strong><br/>Moscow, ID<br/>Type: LAC"
Hartwick College,42.457599,-75.071994,LAC,"<strong>Hartwick College</strong><br/>Oneonta, NY<br/>Type: LAC"
Ouachita Baptist University,34.126093,-93.052471,LAC,"<strong>Ouachita Baptist University</strong><br/>Arkadelphia, AR<br/>Type: LAC"
University of Puerto Rico in Cayey,18.11882,-66.162066,LAC,"<strong>University of Puerto Rico in Cayey</strong><br/>Cayey, PR<br/>Type: LAC"
Monmouth College,40.914824,-90.63731,LAC,"<strong>Monmouth College</strong><br/>Monmouth, IL<br/>Type: LAC"
Bethany Lutheran College,44.166649,-93.990805,LAC,"<strong>Bethany Lutheran College</strong><br/>Mankato, MN<br/>Type: LAC"
Hampshire College,42.325852,-72.531469,LAC,"<strong>Hampshire College</strong><br/>Amherst, MA<br/>Type: LAC"
Dillard University,29.996587,-90.06464,LAC,"<strong>Dillard University</strong><br/>New Orleans, LA<br/>Type: LAC"
Oglethorpe University,33.875441,-84.333687,LAC,"<strong>Oglethorpe University</strong><br/>Atlanta, GA<br/>Type: LAC"
Fisk University,36.167087,-86.804805,LAC,"<strong>Fisk University</strong><br/>Nashville, TN<br/>Type: LAC"
Wartburg College,42.7277,-92.483387,LAC,"<strong>Wartburg College</strong><br/>Waverly, IA<br/>Type: LAC"
Gordon College,42.590567,-70.82151,LAC,"<strong>Gordon College</strong><br/>Wenham, MA<br/>Type: LAC"
Randolph College,37.437315,-79.171887,LAC,"<strong>Randolph College</strong><br/>Lynchburg, VA<br/>Type: LAC"
Presbyterian College,34.465834,-81.87448,LAC,"<strong>Presbyterian College</strong><br/>Clinton, SC<br/>Type: LAC"
Wittenberg University,39.934029,-83.815445,LAC,"<strong>Wittenberg University</strong><br/>Springfield, OH<br/>Type: LAC"
Westminster College,38.849354,-91.955273,LAC,"<strong>Westminster College</strong><br/>Fulton, MO<br/>Type: LAC"
Sweet Briar College,37.556725,-79.081014,LAC,"<strong>Sweet Briar College</strong><br/>Sweet Briar, VA<br/>Type: LAC"
Bridgewater College,38.378484,-78.969007,LAC,"<strong>Bridgewater College</strong><br/>Bridgewater, VA<br/>Type: LAC"
Lyon College,35.777619,-91.625354,LAC,"<strong>Lyon College</strong><br/>Batesville, AR<br/>Type: LAC"
University of Virginia's College at Wise,36.970602,-82.559656,LAC,"<strong>University of Virginia's College at Wise</strong><br/>Wise, VA<br/>Type: LAC"
Albright College,40.361351,-75.909742,LAC,"<strong>Albright College</strong><br/>Reading, PA<br/>Type: LAC"
Maryville College,35.751505,-83.964223,LAC,"<strong>Maryville College</strong><br/>Maryville, TN<br/>Type: LAC"
Guilford College,36.094233,-79.887737,LAC,"<strong>Guilford College</strong><br/>Greensboro, NC<br/>Type: LAC"
Johnson C. Smith University,35.243033,-80.857251,LAC,"<strong>Johnson C. Smith University</strong><br/>Charlotte, NC<br/>Type: LAC"
Simpson University,40.61334,-122.332981,LAC,"<strong>Simpson University</strong><br/>Redding, CA<br/>Type: LAC"
Ava Maria University,26.242138,-81.731358,LAC,"<strong>Ava Maria University</strong><br/>Naples, FL<br/>Type: LAC"
Medgar Evers College-CUNY,40.666256,-73.957076,LAC,"<strong>Medgar Evers College-CUNY</strong><br/>Brooklyn, NY<br/>Type: LAC"
Providence Christian College,34.149327,-118.141062,LAC,"<strong>Providence Christian College</strong><br/>Pasadena, CA<br/>Type: LAC"
Virginia Wesleyan University,36.868417,-76.18606,LAC,"<strong>Virginia Wesleyan University</strong><br/>Virginia Beach, VA<br/>Type: LAC"
Marymount Manhattan College,40.768787,-73.959767,LAC,"<strong>Marymount Manhattan College</strong><br/>New York, NY<br/>Type: LAC"
Georgetown College,38.207615,-84.553767,LAC,"<strong>Georgetown College</strong><br/>Georgetown, KY<br/>Type: LAC"
Bryn Athyn College of the New Church,40.134393,-75.060808,LAC,"<strong>Bryn Athyn College of the New Church</strong><br/>Bryn Athyn, PA<br/>Type: LAC"
Tougaloo College,32.403014,-90.16076,LAC,"<strong>Tougaloo College</strong><br/>Tougaloo, MS<br/>Type: LAC"
Antioch College,39.80321,-83.908684,LAC,"<strong>Antioch College</strong><br/>Yellow Springs, OH<br/>Type: LAC"
Oakwood University,34.756344,-86.652705,LAC,"<strong>Oakwood University</strong><br/>Huntsville, AL<br/>Type: LAC"
Bethune-Cookman University,29.207195,-81.032946,LAC,"<strong>Bethune-Cookman University</strong><br/>Daytona Beach, FL<br/>Type: LAC"
"Holy Cross College at Notre Dame, Indiana",41.698996,-86.253822,LAC,"<strong>Holy Cross College at Notre Dame, Indiana</strong><br/>Notre Dame, IN<br/>Type: LAC"
Southern Virginia University,37.740368,-79.35037,LAC,"<strong>Southern Virginia University</strong><br/>Buena Vista, VA<br/>Type: LAC"
Bennett College,36.067531,-79.77998,LAC,"<strong>Bennett College</strong><br/>Greensboro, NC<br/>Type: LAC"
Allen University,34.010348,-81.020045,LAC,"<strong>Allen University</strong><br/>Columbia, SC<br/>Type: LAC"
Bethany College,40.205819,-80.560056,LAC,"<strong>Bethany College</strong><br/>Bethany, WV<br/>Type: LAC"
Cheyney University of Pennsylvania,39.932274,-75.529262,LAC,"<strong>Cheyney University of Pennsylvania</strong><br/>Cheyney, PA<br/>Type: LAC"
East-West University,41.871309,-87.624793,LAC,"<strong>East-West University</strong><br/>Chicago, IL<br/>Type: LAC"
Hebrew Theological College,42.010103,-87.760874,LAC,"<strong>Hebrew Theological College</strong><br/>Skokie, IL<br/>Type: LAC"
Lane College,35.627378,-88.806535,LAC,"<strong>Lane College</strong><br/>Jackson, TN<br/>Type: LAC"
Rust College,34.776862,-89.446999,LAC,"<strong>Rust College</strong><br/>Holly Springs, MS<br/>Type: LAC"
University of Pittsburgh at Greensburg,40.276447,-79.532676,LAC,"<strong>University of Pittsburgh at Greensburg</strong><br/>Greensburg, PA<br/>Type: LAC"
University of Science and Arts of Oklahoma,35.031392,-97.95641,LAC,"<strong>University of Science and Arts of Oklahoma</strong><br/>Chickasha, OK<br/>Type: LAC"
Virginia Union University,37.562405,-77.450903,LAC,"<strong>Virginia Union University</strong><br/>Richmond, VA<br/>Type: LAC"
Warren Wilson College,35.610328,-82.442619,LAC,"<strong>Warren Wilson College</strong><br/>Swannanoa, NC<br/>Type: LAC"
Young Harris College,34.933523,-83.84587,LAC,"<strong>Young Harris College</strong><br/>Young Harris, GA<br/>Type: LAC"
Pennsylvania State University at Brandywine,39.927123,-75.449704,LAC,"<strong>Pennsylvania State University at Brandywine</strong><br/>Media, PA<br/>Type: LAC"
The King's College,40.706677,-74.012342,LAC,"<strong>The King's College</strong><br/>New York, NY<br/>Type: LAC"
Simpson College,41.365503,-93.563471,LAC,"<strong>Simpson College</strong><br/>Indianola, IA<br/>Type: LAC"
Paine College,33.469545,-81.993225,LAC,"<strong>Paine College</strong><br/>Augusta, GA<br/>Type: LAC"
Pillar College,40.738539,-74.169153,LAC,"<strong>Pillar College</strong><br/>Newark, NJ<br/>Type: LAC"
Birmingham-Southern College,33.513774,-86.850552,LAC,"<strong>Birmingham-Southern College</strong><br/>Birmingham, AL<br/>Type: LAC"
Wells College,42.742943,-76.696028,LAC,"<strong>Wells College</strong><br/>Aurora, NY<br/>Type: LAC"
Martin University,39.798144,-86.103953,LAC,"<strong>Martin University</strong><br/>Indianapolis, IN<br/>Type: LAC"
Adrian College,41.898591,-84.061481,LAC,"<strong>Adrian College</strong><br/>Adrian, MI<br/>Type: LAC"
Albert Magnus College,41.332519,-72.923848,LAC,"<strong>Albert Magnus College</strong><br/>New Haven, CT<br/>Type: LAC"
Albertson College,43.652284,-116.677992,LAC,"<strong>Albertson College</strong><br/>Caldwell, ID<br/>Type: LAC"
Alfred University,42.254476,-77.788106,LAC,"<strong>Alfred University</strong><br/>Alfred, NY<br/>Type: LAC"
Alice Lloyd College,37.335087,-82.875068,LAC,"<strong>Alice Lloyd College</strong><br/>Pippa Passes, KY<br/>Type: LAC"
Alma College,43.38004,-84.672053,LAC,"<strong>Alma College</strong><br/>Alma, MI<br/>Type: LAC"
American Jewish University,34.128153,-118.471706,LAC,"<strong>American Jewish University</strong><br/>Los Angeles, CA<br/>Type: LAC"
Amridge University,32.362609,-86.17401,LAC,"<strong>Amridge University</strong><br/>Montgomery, AL<br/>Type: LAC"
Arkansas Baptist College,34.734751,-92.290555,LAC,"<strong>Arkansas Baptist College</strong><br/>Little Rock, AR<br/>Type: LAC"
Asbury University,37.862029,-84.662606,LAC,"<strong>Asbury University</strong><br/>Wilmore, KY<br/>Type: LAC"
Baker University,38.778712,-95.187346,LAC,"<strong>Baker University</strong><br/>Baldwin City, KS<br/>Type: LAC"
Bard College at Simon's Rock,42.208803,-73.379201,LAC,"<strong>Bard College at Simon's Rock</strong><br/>Great Barrington, MA<br/>Type: LAC"
Bay Path University,42.055088,-72.583382,LAC,"<strong>Bay Path University</strong><br/>Longmeadow, MA<br/>Type: LAC"
Benedictine College,39.573079,-95.113858,LAC,"<strong>Benedictine College</strong><br/>Atchison, KS<br/>Type: LAC"
Berry College,34.290414,-85.189202,LAC,"<strong>Berry College</strong><br/>Mount Berry, GA<br/>Type: LAC"
Bethel College,38.075169,-97.343256,LAC,"<strong>Bethel College</strong><br/>North Newton, KS<br/>Type: LAC"
Bethel University,36.137848,-88.516762,LAC,"<strong>Bethel University</strong><br/>McKenzie, TN<br/>Type: LAC"
Blackburn College,39.287896,-89.870241,LAC,"<strong>Blackburn College</strong><br/>Carlinville, IL<br/>Type: LAC"
Bloomfield College,40.795105,-74.194309,LAC,"<strong>Bloomfield College</strong><br/>Bloomfield, NJ<br/>Type: LAC"
Borromeo College of Ohio,41.490259,-81.531224,LAC,"<strong>Borromeo College of Ohio</strong><br/>University Heights, OH<br/>Type: LAC"
Brevard College,35.236763,-82.729494,LAC,"<strong>Brevard College</strong><br/>Brevard, NC<br/>Type: LAC"
Brewton-Parker College,32.185718,-82.586136,LAC,"<strong>Brewton-Parker College</strong><br/>Mount Vernon, GA<br/>Type: LAC"
Brigham Young University-Hawaii,21.642074,-157.926586,LAC,"<strong>Brigham Young University-Hawaii</strong><br/>Laie, HI<br/>Type: LAC"
"California State University, Monterey Bay",36.652397,-121.796178,LAC,"<strong>California State University, Monterey Bay</strong><br/>Seaside, CA<br/>Type: LAC"
Calvin College,42.929916,-85.587548,LAC,"<strong>Calvin College</strong><br/>Grand Rapids, MI<br/>Type: LAC"
Carroll College,46.600771,-112.040285,LAC,"<strong>Carroll College</strong><br/>Helena, MT<br/>Type: LAC"
Carroll University,43.004527,-88.228114,LAC,"<strong>Carroll University</strong><br/>Waukesha, WI<br/>Type: LAC"
Carson-Newman College,36.122934,-83.491709,LAC,"<strong>Carson-Newman College</strong><br/>Jefferson City, TN<br/>Type: LAC"
Carthage College,42.622969,-87.820924,LAC,"<strong>Carthage College</strong><br/>Kenosha, WI<br/>Type: LAC"
Castleton State College,43.608397,-73.180842,LAC,"<strong>Castleton State College</strong><br/>Castleton, VT<br/>Type: LAC"
Cedar Crest College,40.586318,-75.519221,LAC,"<strong>Cedar Crest College</strong><br/>Allentown, PA<br/>Type: LAC"
Chatham College,40.448432,-79.926083,LAC,"<strong>Chatham College</strong><br/>Pittsburgh, PA<br/>Type: LAC"
Chestnut Hill College,40.08678,-75.228742,LAC,"<strong>Chestnut Hill College</strong><br/>Philadelphia, PA<br/>Type: LAC"
Chowan University,36.436258,-77.099141,LAC,"<strong>Chowan University</strong><br/>Murfreesboro, NC<br/>Type: LAC"
Christian Heritage College,32.843454,-116.978089,LAC,"<strong>Christian Heritage College</strong><br/>Santee, CA<br/>Type: LAC"
Christopher Newport University,37.062495,-76.494364,LAC,"<strong>Christopher Newport University</strong><br/>Newport News, VA<br/>Type: LAC"
Clarke University,42.509475,-90.690487,LAC,"<strong>Clarke University</strong><br/>Dubuque, IA<br/>Type: LAC"
Coastal Carolina University,33.794995,-79.011767,LAC,"<strong>Coastal Carolina University</strong><br/>Conway, SC<br/>Type: LAC"
College of Idaho,43.652284,-116.677992,LAC,"<strong>College of Idaho</strong><br/>Caldwell, ID<br/>Type: LAC"
College of Mount St. Vincent,40.913657,-73.908886999999993,LAC,"<strong>College of Mount St. Vincent</strong><br/>Bronx, NY<br/>Type: LAC"
Colorado State University Pueblo,38.30859,-104.579033,LAC,"<strong>Colorado State University Pueblo</strong><br/>Pueblo, CO<br/>Type: LAC"
Doane University,40.622952,-96.950932,LAC,"<strong>Doane University</strong><br/>Crete, NE<br/>Type: LAC"
Eastern Mennonite University,38.471134,-78.880326,LAC,"<strong>Eastern Mennonite University</strong><br/>Harrisonburg, VA<br/>Type: LAC"
Eastern Nazarene College,42.271228,-71.011079,LAC,"<strong>Eastern Nazarene College</strong><br/>Quincy, MA<br/>Type: LAC"
Elizabethtown College,40.149236,-76.593224,LAC,"<strong>Elizabethtown College</strong><br/>Elizabethtown, PA<br/>Type: LAC"
Elmira College,42.0961,-76.813459,LAC,"<strong>Elmira College</strong><br/>Elmira, NY<br/>Type: LAC"
Emory and Henry College,36.772857,-81.829142,LAC,"<strong>Emory and Henry College</strong><br/>Emory, VA<br/>Type: LAC"
Erskine College,34.332087,-82.39095,LAC,"<strong>Erskine College</strong><br/>Due West, SC<br/>Type: LAC"
Evangel University,37.220956,-93.262614,LAC,"<strong>Evangel University</strong><br/>Springfield, MO<br/>Type: LAC"
Evergreen State College,47.07382,-122.977492,LAC,"<strong>Evergreen State College</strong><br/>Olympia, WA<br/>Type: LAC"
Ferrum College,36.926431,-80.020614,LAC,"<strong>Ferrum College</strong><br/>Ferrum, VA<br/>Type: LAC"
Fort Lewis College,37.275939,-107.867422,LAC,"<strong>Fort Lewis College</strong><br/>Durango, CO<br/>Type: LAC"
Franklin Pierce University,42.78014,-72.058011,LAC,"<strong>Franklin Pierce University</strong><br/>Rindge, NH<br/>Type: LAC"
Goddard College,44.279087,-72.438388,LAC,"<strong>Goddard College</strong><br/>Plainfield, VT<br/>Type: LAC"
Goshen College,41.563582,-85.827795,LAC,"<strong>Goshen College</strong><br/>Goshen, IN<br/>Type: LAC"
Greensboro College,36.071082,-79.800232,LAC,"<strong>Greensboro College</strong><br/>Greensboro, NC<br/>Type: LAC"
Grove City College,41.1558,-80.081481,LAC,"<strong>Grove City College</strong><br/>Grove City, PA<br/>Type: LAC"
Hamline University,44.966246,-93.164479,LAC,"<strong>Hamline University</strong><br/>Saint Paul, MN<br/>Type: LAC"
Harrisburg University of Science and Technology,40.26193,-76.880261,LAC,"<strong>Harrisburg University of Science and Technology</strong><br/>Harrisburg, PA<br/>Type: LAC"
Hastings College,40.59025,-98.374403,LAC,"<strong>Hastings College</strong><br/>Hastings, NE<br/>Type: LAC"
Heidelberg University,41.114833,-83.168387,LAC,"<strong>Heidelberg University</strong><br/>Tiffin, OH<br/>Type: LAC"
Hiram College,41.3107,-81.143981,LAC,"<strong>Hiram College</strong><br/>Hiram, OH<br/>Type: LAC"
Huntingdon College,32.351034,-86.284366,LAC,"<strong>Huntingdon College</strong><br/>Montgomery, AL<br/>Type: LAC"
Huston-Tillotson University,30.264667,-97.721691,LAC,"<strong>Huston-Tillotson University</strong><br/>Austin, TX<br/>Type: LAC"
Illinois Wesleyan University,40.489901,-88.992014,LAC,"<strong>Illinois Wesleyan University</strong><br/>Bloomington, IL<br/>Type: LAC"
Jarvis Christian College,32.587942,-95.181513,LAC,"<strong>Jarvis Christian College</strong><br/>Hawkins, TX<br/>Type: LAC"
Kentucky State University,38.201427,-84.855402,LAC,"<strong>Kentucky State University</strong><br/>Frankfort, KY<br/>Type: LAC"
Kentucky Wesleyan College,37.744489,-87.119658,LAC,"<strong>Kentucky Wesleyan College</strong><br/>Owensboro, KY<br/>Type: LAC"
King College,36.585309,-82.159421,LAC,"<strong>King College</strong><br/>Bristol, TN<br/>Type: LAC"
LaGrange College,33.038564,-85.043113,LAC,"<strong>LaGrange College</strong><br/>Lagrange, GA<br/>Type: LAC"
Lebanon Valley College,40.330604,-76.514431,LAC,"<strong>Lebanon Valley College</strong><br/>Annville, PA<br/>Type: LAC"
Lees-McRae College,36.162477,-81.873371,LAC,"<strong>Lees-McRae College</strong><br/>Banner Elk, NC<br/>Type: LAC"
Life University,33.932781,-84.514729,LAC,"<strong>Life University</strong><br/>Marietta, GA<br/>Type: LAC"
Lindsey Wilson College,37.101502,-85.299997,LAC,"<strong>Lindsey Wilson College</strong><br/>Columbia, KY<br/>Type: LAC"
Louisiana State University of Alexandria,31.178616,-92.414409,LAC,"<strong>Louisiana State University of Alexandria</strong><br/>Alexandria, LA<br/>Type: LAC"
Manhattanville College,41.032187,-73.715645,LAC,"<strong>Manhattanville College</strong><br/>Purchase, NY<br/>Type: LAC"
McDaniel College,39.584231,-77.001992,LAC,"<strong>McDaniel College</strong><br/>Westminster, MD<br/>Type: LAC"
McPherson College,38.371422,-97.642996,LAC,"<strong>McPherson College</strong><br/>McPherson, KS<br/>Type: LAC"
Merrimack College,42.668344,-71.124216,LAC,"<strong>Merrimack College</strong><br/>North Andover, MA<br/>Type: LAC"
Colorado Mesa University,39.080643,-108.553275,LAC,"<strong>Colorado Mesa University</strong><br/>Grand Junction, CO<br/>Type: LAC"
Metropolitan State College of Denver,39.744202,-105.00504,LAC,"<strong>Metropolitan State College of Denver</strong><br/>Denver, CO<br/>Type: LAC"
Millikin University,39.842612,-88.976298,LAC,"<strong>Millikin University</strong><br/>Decatur, IL<br/>Type: LAC"
Mills College,37.781425,-122.182294,LAC,"<strong>Mills College</strong><br/>Oakland, CA<br/>Type: LAC"
Moravian University,40.630947,-75.383638,LAC,"<strong>Moravian University</strong><br/>Bethlehem, PA<br/>Type: LAC"
Muskingum College,39.996585,-81.737127,LAC,"<strong>Muskingum College</strong><br/>New Concord, OH<br/>Type: LAC"
Nebraska Wesleyan University,40.839098,-96.64831,LAC,"<strong>Nebraska Wesleyan University</strong><br/>Lincoln, NE<br/>Type: LAC"
Neumann College,39.874876,-75.440022,LAC,"<strong>Neumann College</strong><br/>Aston, PA<br/>Type: LAC"
North Greenville University,35.069758,-82.37026,LAC,"<strong>North Greenville University</strong><br/>Tigerville, SC<br/>Type: LAC"
Northland College,46.579087,-90.87476,LAC,"<strong>Northland College</strong><br/>Ashland, WI<br/>Type: LAC"
Olivet College,42.442891,-84.923891,LAC,"<strong>Olivet College</strong><br/>Olivet, MI<br/>Type: LAC"
Pacific Union College,38.570585,-122.440308,LAC,"<strong>Pacific Union College</strong><br/>Angwin, CA<br/>Type: LAC"
Peace College,35.789139,-78.637697,LAC,"<strong>Peace College</strong><br/>Raleigh, NC<br/>Type: LAC"
Philander Smith College,34.737131,-92.283015,LAC,"<strong>Philander Smith College</strong><br/>Little Rock, AR<br/>Type: LAC"
Providence College,41.842742,-71.437446,LAC,"<strong>Providence College</strong><br/>Providence, RI<br/>Type: LAC"
Regis College,42.351291,-71.310561,LAC,"<strong>Regis College</strong><br/>Weston, MA<br/>Type: LAC"
Richard Stockton College of New Jersey,39.492036,-74.531087,LAC,"<strong>Richard Stockton College of New Jersey</strong><br/>Galloway, NJ<br/>Type: LAC"
Rockford College,42.270639,-89.019536,LAC,"<strong>Rockford College</strong><br/>Rockford, IL<br/>Type: LAC"
Rosemont College,40.033417,-75.32925,LAC,"<strong>Rosemont College</strong><br/>Rosemont, PA<br/>Type: LAC"
Russell Sage College,42.72822,-73.693711,LAC,"<strong>Russell Sage College</strong><br/>Troy, NY<br/>Type: LAC"
San Diego Christian College,32.843454,-116.978089,LAC,"<strong>San Diego Christian College</strong><br/>Santee, CA<br/>Type: LAC"
Savannah State University,32.024781,-81.063377,LAC,"<strong>Savannah State University</strong><br/>Savannah, GA<br/>Type: LAC"
Schreiner University,30.031458,-99.130586,LAC,"<strong>Schreiner University</strong><br/>Kerrville, TX<br/>Type: LAC"
Seton Hill University,40.309407,-79.557433,LAC,"<strong>Seton Hill University</strong><br/>Greensburg, PA<br/>Type: LAC"
Shawnee State University,38.730867,-82.993769,LAC,"<strong>Shawnee State University</strong><br/>Portsmouth, OH<br/>Type: LAC"
Shepherd University,39.433071,-77.804101,LAC,"<strong>Shepherd University</strong><br/>Shepherdstown, WV<br/>Type: LAC"
Shorter University,34.257543,-85.196529,LAC,"<strong>Shorter University</strong><br/>Rome, GA<br/>Type: LAC"
Siena College,42.717602,-73.7526,LAC,"<strong>Siena College</strong><br/>Loudonville, NY<br/>Type: LAC"
Spring Hill College,30.694751,-88.138199,LAC,"<strong>Spring Hill College</strong><br/>Mobile, AL<br/>Type: LAC"
St. Andrews Presbyterian College,34.74563,-79.478567,LAC,"<strong>St. Andrews Presbyterian College</strong><br/>Laurinburg, NC<br/>Type: LAC"
St. Augustine's College,35.785468,-78.621301,LAC,"<strong>St. Augustine's College</strong><br/>Raleigh, NC<br/>Type: LAC"
St. Francis College,40.690233,-73.986559,LAC,"<strong>St. Francis College</strong><br/>Brooklyn, NY<br/>Type: LAC"
St. Vincent College,40.29265,-79.403762,LAC,"<strong>St. Vincent College</strong><br/>Latrobe, PA<br/>Type: LAC"
State University of New York at Old Westbury,40.799021,-73.571907,LAC,"<strong>State University of New York at Old Westbury</strong><br/>Old Westbury, NY<br/>Type: LAC"
Stephens College,38.95204,-92.319204,LAC,"<strong>Stephens College</strong><br/>Columbia, MO<br/>Type: LAC"
Sterling College,44.65225,-72.382372,LAC,"<strong>Sterling College</strong><br/>Craftsbury Common, VT<br/>Type: LAC"
Sterling College,38.219937,-98.208644,LAC,"<strong>Sterling College</strong><br/>Sterling, KS<br/>Type: LAC"
Stillman College,33.200006,-87.585278,LAC,"<strong>Stillman College</strong><br/>Tuscaloosa, AL<br/>Type: LAC"
Talladega College,33.433472,-86.112704,LAC,"<strong>Talladega College</strong><br/>Talladega, AL<br/>Type: LAC"
Texas Lutheran University,29.573261,-97.982669,LAC,"<strong>Texas Lutheran University</strong><br/>Seguin, TX<br/>Type: LAC"
Thiel College,41.41354,-80.384383,LAC,"<strong>Thiel College</strong><br/>Greenville, PA<br/>Type: LAC"
Thomas More College of Liberal Arts,42.80683,-71.48437,LAC,"<strong>Thomas More College of Liberal Arts</strong><br/>Merrimack, NH<br/>Type: LAC"
Thomas More University,39.022963,-84.568923,LAC,"<strong>Thomas More University</strong><br/>Crestview Hills, KY<br/>Type: LAC"
University of Arizona Global Campus,32.8273,-117.141961,LAC,"<strong>University of Arizona Global Campus</strong><br/>San Diego, IA<br/>Type: LAC"
University of Dallas,32.846221,-96.919512,LAC,"<strong>University of Dallas</strong><br/>Irving, TX<br/>Type: LAC"
University of Hawaii at Hilo,19.701189,-155.080847,LAC,"<strong>University of Hawaii at Hilo</strong><br/>Hilo, HI<br/>Type: LAC"
University of Hawaii at West Oahu,21.35531,-158.056403,LAC,"<strong>University of Hawaii at West Oahu</strong><br/>Kapolei, HI<br/>Type: LAC"
University of Judaism,34.128153,-118.471706,LAC,"<strong>University of Judaism</strong><br/>Los Angeles, CA<br/>Type: LAC"
University of Main at Presque Isle,46.672285,-68.016343,LAC,"<strong>University of Main at Presque Isle</strong><br/>Presque Isle, ME<br/>Type: LAC"
University of Mount Union,40.905256,-81.111029,LAC,"<strong>University of Mount Union</strong><br/>Alliance, OH<br/>Type: LAC"
University of Pikeville,37.479232,-82.521063,LAC,"<strong>University of Pikeville</strong><br/>Pikeville, KY<br/>Type: LAC"
University of Pittsburgh at Bradford,41.943415,-78.673701,LAC,"<strong>University of Pittsburgh at Bradford</strong><br/>Bradford, PA<br/>Type: LAC"
University of Puerto Rico in Ponce,17.993314,-66.606215,LAC,"<strong>University of Puerto Rico in Ponce</strong><br/>Ponce, PR<br/>Type: LAC"
University of South Carolina Beaufort,32.303308,-80.973595,LAC,"<strong>University of South Carolina Beaufort</strong><br/>Bluffton, SC<br/>Type: LAC"
University of the West,34.045985,-118.082964,LAC,"<strong>University of the West</strong><br/>Rosemead, CA<br/>Type: LAC"
University of Wisconsin-Green Bay,44.532298,-87.919973,LAC,"<strong>University of Wisconsin-Green Bay</strong><br/>Green Bay, WI<br/>Type: LAC"
University of Wisconsin-Parkside,42.647718,-87.855231,LAC,"<strong>University of Wisconsin-Parkside</strong><br/>Kenosha, WI<br/>Type: LAC"
University of Wisconsin-Superior,46.717629,-92.091007,LAC,"<strong>University of Wisconsin-Superior</strong><br/>Superior, WI<br/>Type: LAC"
Warner Pacific College,45.506265,-122.592498,LAC,"<strong>Warner Pacific College</strong><br/>Portland, OR<br/>Type: LAC"
Wesleyan College,32.876037,-83.715417,LAC,"<strong>Wesleyan College</strong><br/>Macon, GA<br/>Type: LAC"
West Virginia State University,38.380541,-81.765034,LAC,"<strong>West Virginia State University</strong><br/>Institute, WV<br/>Type: LAC"
West Virginia Wesleyan College,38.990661,-80.218969,LAC,"<strong>West Virginia Wesleyan College</strong><br/>Buckhannon, WV<br/>Type: LAC"
Western Colorado University,38.549936,-106.919132,LAC,"<strong>Western Colorado University</strong><br/>Gunnison, CO<br/>Type: LAC"
William Jewell College,39.247844,-94.413126,LAC,"<strong>William Jewell College</strong><br/>Liberty, MO<br/>Type: LAC"
William Peace University,35.789139,-78.637697,LAC,"<strong>William Peace University</strong><br/>Raleigh, NC<br/>Type: LAC"
Williams Baptist University,36.125676,-90.940277,LAC,"<strong>Williams Baptist University</strong><br/>Walnut Ridge, AR<br/>Type: LAC"
Wingate University,34.986064,-80.44305,LAC,"<strong>Wingate University</strong><br/>Wingate, NC<br/>Type: LAC"
Wisconsin Lutheran College,43.036943,-88.022718,LAC,"<strong>Wisconsin Lutheran College</strong><br/>Milwaukee, WI<br/>Type: LAC"
Xavier University of Louisiana,29.964162,-90.107307,LAC,"<strong>Xavier University of Louisiana</strong><br/>New Orleans, LA<br/>Type: LAC"
Alabama A & M University,34.783368,-86.568502,HBCU,"<strong>Alabama A & M University</strong><br/>NA, Alabama<br/>Type: HBCU"
Alabama State University,32.364317,-86.295677,HBCU,"<strong>Alabama State University</strong><br/>NA, Alabama<br/>Type: HBCU"
Bishop State Community College,30.693972,-88.056982,HBCU,"<strong>Bishop State Community College</strong><br/>NA, Alabama<br/>Type: HBCU"
Gadsden State Community College,33.994001,-85.991438,HBCU,"<strong>Gadsden State Community College</strong><br/>NA, Alabama<br/>Type: HBCU"
H Councill Trenholm State Community College,32.350109,-86.343057,HBCU,"<strong>H Councill Trenholm State Community College</strong><br/>NA, Alabama<br/>Type: HBCU"
J. F. Drake State Community and Technical College,34.771858,-86.572885,HBCU,"<strong>J. F. Drake State Community and Technical College</strong><br/>NA, Alabama<br/>Type: HBCU"
Lawson State Community College,33.450814,-86.888844,HBCU,"<strong>Lawson State Community College</strong><br/>NA, Alabama<br/>Type: HBCU"
Miles College,33.482442,-86.908751,HBCU,"<strong>Miles College</strong><br/>NA, Alabama<br/>Type: HBCU"
Oakwood University,34.756344,-86.652705,HBCU,"<strong>Oakwood University</strong><br/>NA, Alabama<br/>Type: HBCU"
Shelton State Community College,33.120531,-87.56148,HBCU,"<strong>Shelton State Community College</strong><br/>NA, Alabama<br/>Type: HBCU"
Stillman College,33.200006,-87.585278,HBCU,"<strong>Stillman College</strong><br/>NA, Alabama<br/>Type: HBCU"
Talladega College,33.433472,-86.112704,HBCU,"<strong>Talladega College</strong><br/>NA, Alabama<br/>Type: HBCU"
Tuskegee University,32.4309,-85.708492,HBCU,"<strong>Tuskegee University</strong><br/>NA, Alabama<br/>Type: HBCU"
Arkansas Baptist College,34.734751,-92.290555,HBCU,"<strong>Arkansas Baptist College</strong><br/>NA, Arkansas<br/>Type: HBCU"
Shorter College,34.75933,-92.261331,HBCU,"<strong>Shorter College</strong><br/>NA, Arkansas<br/>Type: HBCU"
University of Arkansas at Pine Bluff,34.244031,-92.018683,HBCU,"<strong>University of Arkansas at Pine Bluff</strong><br/>NA, Arkansas<br/>Type: HBCU"
Delaware State University,39.187173,-75.54053,HBCU,"<strong>Delaware State University</strong><br/>NA, Delaware<br/>Type: HBCU"
Howard University,38.922392,-77.018966,HBCU,"<strong>Howard University</strong><br/>NA, Washington<br/>Type: HBCU"
University of the District of Columbia,38.943819,-77.066247,HBCU,"<strong>University of the District of Columbia</strong><br/>NA, Connecticut<br/>Type: HBCU"
Bethune-Cookman University,29.207195,-81.032946,HBCU,"<strong>Bethune-Cookman University</strong><br/>NA, Florida<br/>Type: HBCU"
Florida Agricultural and Mechanical University,30.428504,-84.290226,HBCU,"<strong>Florida Agricultural and Mechanical University</strong><br/>NA, Florida<br/>Type: HBCU"
Florida Memorial University,25.918278,-80.270753,HBCU,"<strong>Florida Memorial University</strong><br/>NA, Florida<br/>Type: HBCU"
Albany State University,31.56928,-84.141825,HBCU,"<strong>Albany State University</strong><br/>NA, Georgia<br/>Type: HBCU"
Clark Atlanta University,33.747628,-84.412584,HBCU,"<strong>Clark Atlanta University</strong><br/>NA, Georgia<br/>Type: HBCU"
Fort Valley State University,32.537595,-83.89537,HBCU,"<strong>Fort Valley State University</strong><br/>NA, Georgia<br/>Type: HBCU"
Interdenominational Theological Center,33.752338,-84.409207,HBCU,"<strong>Interdenominational Theological Center</strong><br/>NA, Georgia<br/>Type: HBCU"
Morehouse College,33.745982,-84.414917,HBCU,"<strong>Morehouse College</strong><br/>NA, Georgia<br/>Type: HBCU"
Morehouse School of Medicine,33.742888,-84.41186,HBCU,"<strong>Morehouse School of Medicine</strong><br/>NA, Georgia<br/>Type: HBCU"
Paine College,33.469545,-81.993225,HBCU,"<strong>Paine College</strong><br/>NA, Georgia<br/>Type: HBCU"
Savannah State University,32.024781,-81.063377,HBCU,"<strong>Savannah State University</strong><br/>NA, Georgia<br/>Type: HBCU"
Spelman College,33.745279,-84.411527,HBCU,"<strong>Spelman College</strong><br/>NA, Georgia<br/>Type: HBCU"
Kentucky State University,38.201427,-84.855402,HBCU,"<strong>Kentucky State University</strong><br/>NA, Kentucky<br/>Type: HBCU"
Simmons College of Kentucky,38.239519,-85.764811,HBCU,"<strong>Simmons College of Kentucky</strong><br/>NA, Kentucky<br/>Type: HBCU"
Dillard University,29.996587,-90.06464,HBCU,"<strong>Dillard University</strong><br/>NA, Louisiana<br/>Type: HBCU"
Grambling State University,32.523797,-92.713245,HBCU,"<strong>Grambling State University</strong><br/>NA, Louisiana<br/>Type: HBCU"
Southern University and A & M College,30.524558,-91.190105,HBCU,"<strong>Southern University and A & M College</strong><br/>NA, Louisiana<br/>Type: HBCU"
Southern University at New Orleans,30.026162,-90.044912,HBCU,"<strong>Southern University at New Orleans</strong><br/>NA, Louisiana<br/>Type: HBCU"
Southern University at Shreveport,32.545632,-93.834559,HBCU,"<strong>Southern University at Shreveport</strong><br/>NA, Louisiana<br/>Type: HBCU"
Southern University Law Center,30.523898,-91.194417,HBCU,"<strong>Southern University Law Center</strong><br/>NA, Louisiana<br/>Type: HBCU"
Xavier University of Louisiana,29.964162,-90.107307,HBCU,"<strong>Xavier University of Louisiana</strong><br/>NA, Louisiana<br/>Type: HBCU"
Bowie State University,39.018185,-76.759721,HBCU,"<strong>Bowie State University</strong><br/>NA, Maryland<br/>Type: HBCU"
Coppin State University,39.311258,-76.658687,HBCU,"<strong>Coppin State University</strong><br/>NA, Maryland<br/>Type: HBCU"
Morgan State University,39.344161,-76.585565,HBCU,"<strong>Morgan State University</strong><br/>NA, Maryland<br/>Type: HBCU"
University of Maryland Eastern Shore,38.207386,-75.686852,HBCU,"<strong>University of Maryland Eastern Shore</strong><br/>NA, Maryland<br/>Type: HBCU"
Alcorn State University,31.877216,-91.142854,HBCU,"<strong>Alcorn State University</strong><br/>NA, Mississippi<br/>Type: HBCU"
Coahoma Community College,34.254417,-90.568469,HBCU,"<strong>Coahoma Community College</strong><br/>NA, Mississippi<br/>Type: HBCU"
Jackson State University,32.296105,-90.207405,HBCU,"<strong>Jackson State University</strong><br/>NA, Mississippi<br/>Type: HBCU"
Mississippi Valley State University,33.514142,-90.341274,HBCU,"<strong>Mississippi Valley State University</strong><br/>NA, Mississippi<br/>Type: HBCU"
Rust College,34.776862,-89.446999,HBCU,"<strong>Rust College</strong><br/>NA, Mississippi<br/>Type: HBCU"
Tougaloo College,32.403014,-90.16076,HBCU,"<strong>Tougaloo College</strong><br/>NA, Mississippi<br/>Type: HBCU"
Harris-Stowe State University,38.631744,-90.224288,HBCU,"<strong>Harris-Stowe State University</strong><br/>NA, Missouri<br/>Type: HBCU"
Lincoln University,37.804788,-122.269745,HBCU,"<strong>Lincoln University</strong><br/>NA, Missouri<br/>Type: HBCU"
Bennett College,36.067531,-79.77998,HBCU,"<strong>Bennett College</strong><br/>NA, Washington<br/>Type: HBCU"
Elizabeth City State University,36.277978,-76.214041,HBCU,"<strong>Elizabeth City State University</strong><br/>NA, North Carolina<br/>Type: HBCU"
Fayetteville State University,35.073641,-78.891696,HBCU,"<strong>Fayetteville State University</strong><br/>NA, North Carolina<br/>Type: HBCU"
Johnson C Smith University,35.243033,-80.857251,HBCU,"<strong>Johnson C Smith University</strong><br/>NA, North Carolina<br/>Type: HBCU"
Livingstone College,35.670877,-80.483956,HBCU,"<strong>Livingstone College</strong><br/>NA, North Carolina<br/>Type: HBCU"
North Carolina A & T State University,36.07282,-79.773375,HBCU,"<strong>North Carolina A & T State University</strong><br/>NA, North Carolina<br/>Type: HBCU"
North Carolina Central University,35.974237,-78.898602,HBCU,"<strong>North Carolina Central University</strong><br/>NA, North Carolina<br/>Type: HBCU"
Shaw University,35.771181,-78.637693,HBCU,"<strong>Shaw University</strong><br/>NA, North Carolina<br/>Type: HBCU"
Winston-Salem State University,36.089554,-80.225033,HBCU,"<strong>Winston-Salem State University</strong><br/>NA, North Carolina<br/>Type: HBCU"
Central State University,39.715787,-83.880186,HBCU,"<strong>Central State University</strong><br/>NA, Ohio<br/>Type: HBCU"
Wilberforce University,39.707291,-83.880595,HBCU,"<strong>Wilberforce University</strong><br/>NA, Ohio<br/>Type: HBCU"
Langston University,35.943982,-97.260317,HBCU,"<strong>Langston University</strong><br/>NA, Oklahoma<br/>Type: HBCU"
Cheyney University of Pennsylvania,39.932274,-75.529262,HBCU,"<strong>Cheyney University of Pennsylvania</strong><br/>NA, Pennsylvania<br/>Type: HBCU"
Lincoln University,37.804788,-122.269745,HBCU,"<strong>Lincoln University</strong><br/>NA, Pennsylvania<br/>Type: HBCU"
Allen University,34.010348,-81.020045,HBCU,"<strong>Allen University</strong><br/>NA, South Carolina<br/>Type: HBCU"
Benedict College,34.012941,-81.020403,HBCU,"<strong>Benedict College</strong><br/>NA, South Carolina<br/>Type: HBCU"
Claflin University,33.498444,-80.854319,HBCU,"<strong>Claflin University</strong><br/>NA, South Carolina<br/>Type: HBCU"
Clinton College,34.913721,-81.043469,HBCU,"<strong>Clinton College</strong><br/>NA, South Carolina<br/>Type: HBCU"
Denmark Technical College,33.313355,-81.123629,HBCU,"<strong>Denmark Technical College</strong><br/>NA, South Carolina<br/>Type: HBCU"
Morris College,33.938574,-80.346155,HBCU,"<strong>Morris College</strong><br/>NA, South Carolina<br/>Type: HBCU"
South Carolina State University,33.497968,-80.848722,HBCU,"<strong>South Carolina State University</strong><br/>NA, South Carolina<br/>Type: HBCU"
American Baptist College,36.202623,-86.789912,HBCU,"<strong>American Baptist College</strong><br/>NA, Tennessee<br/>Type: HBCU"
Fisk University,36.167087,-86.804805,HBCU,"<strong>Fisk University</strong><br/>NA, Tennessee<br/>Type: HBCU"
Lane College,35.627378,-88.806535,HBCU,"<strong>Lane College</strong><br/>NA, Tennessee<br/>Type: HBCU"
Le Moyne-Owen College,35.118641,-90.034101,HBCU,"<strong>Le Moyne-Owen College</strong><br/>NA, Tennessee<br/>Type: HBCU"
Meharry Medical College,36.165458,-86.807371,HBCU,"<strong>Meharry Medical College</strong><br/>NA, Tennessee<br/>Type: HBCU"
Tennessee State University,36.166321,-86.828275,HBCU,"<strong>Tennessee State University</strong><br/>NA, Tennessee<br/>Type: HBCU"
Huston-Tillotson University,30.264667,-97.721691,HBCU,"<strong>Huston-Tillotson University</strong><br/>NA, Texas<br/>Type: HBCU"
Paul Quinn College,32.678837,-96.755778,HBCU,"<strong>Paul Quinn College</strong><br/>NA, Texas<br/>Type: HBCU"
Prairie View A & M University,30.092425,-95.989475,HBCU,"<strong>Prairie View A & M University</strong><br/>NA, Texas<br/>Type: HBCU"
Southwestern Christian College,32.735508,-96.285649,HBCU,"<strong>Southwestern Christian College</strong><br/>NA, Texas<br/>Type: HBCU"
Texas College,32.37456,-95.312454,HBCU,"<strong>Texas College</strong><br/>NA, Texas<br/>Type: HBCU"
Texas Southern University,29.721046,-95.361113,HBCU,"<strong>Texas Southern University</strong><br/>NA, Texas<br/>Type: HBCU"
Wiley College,32.537641,-94.376814,HBCU,"<strong>Wiley College</strong><br/>NA, Texas<br/>Type: HBCU"
University of the Virgin Islands,18.344193,-64.972866,HBCU,"<strong>University of the Virgin Islands</strong><br/>NA, NA<br/>Type: HBCU"
University of the Virgin Islands-Albert A. Sheen,17.716115,-64.79856,HBCU,"<strong>University of the Virgin Islands-Albert A. Sheen</strong><br/>NA, NA<br/>Type: HBCU"
Hampton University,37.019944,-76.339161,HBCU,"<strong>Hampton University</strong><br/>NA, Virginia<br/>Type: HBCU"
Norfolk State University,36.848429,-76.261375,HBCU,"<strong>Norfolk State University</strong><br/>NA, Virginia<br/>Type: HBCU"
Virginia State University,37.234692,-77.419026,HBCU,"<strong>Virginia State University</strong><br/>NA, Virginia<br/>Type: HBCU"
Virginia Union University,37.562405,-77.450903,HBCU,"<strong>Virginia Union University</strong><br/>NA, Virginia<br/>Type: HBCU"
Virginia University of Lynchburg,37.395187,-79.151615,HBCU,"<strong>Virginia University of Lynchburg</strong><br/>NA, Virginia<br/>Type: HBCU"
West Virginia State University,38.380541,-81.765034,HBCU,"<strong>West Virginia State University</strong><br/>NA, West Virginia<br/>Type: HBCU"
