name,type,latitude,longitude,popup
Opera Baltimore,Professional Company Member,39.2970026,-76.6165226,"<strong>Opera Baltimore</strong><br/>Baltimore, MD<br/>Type: Professional Company Member"
Lyric Opera of the North,Professional Company Member,46.787977,-92.107765,"<strong>Lyric Opera of the North</strong><br/>Duluth, MN<br/>Type: Professional Company Member"
Milwaukee Opera Theatre,Professional Company Member,43.053271,-87.998951,"<strong>Milwaukee Opera Theatre</strong><br/>Wauwatosa, WI<br/>Type: Professional Company Member"
Opera on Tap,Professional Company Member,40.64528,-73.97508,"<strong>Opera on Tap</strong><br/>Brooklyn, NY<br/>Type: Professional Company Member"
Opera Tampa,Professional Company Member,27.9516138,-82.4639399,"<strong>Opera Tampa</strong><br/>Tampa, FL<br/>Type: Professional Company Member"
Overtone Industries,Professional Company Member,34.0644171,-118.3710897,"<strong>Overtone Industries</strong><br/>Los Angeles, CA<br/>Type: Professional Company Member"
Pacific Opera Project,Professional Company Member,34.1175895,-118.188329,"<strong>Pacific Opera Project</strong><br/>Los Angeles, CA<br/>Type: Professional Company Member"
Opera Cultura,Professional Company Member,37.739584,-122.158989,"<strong>Opera Cultura</strong><br/>Oakland, CA<br/>Type: Professional Company Member"
St. Petersburg Opera Company,Professional Company Member,27.7703677,-82.6356732,"<strong>St. Petersburg Opera Company</strong><br/>St. Petersburg, FL<br/>Type: Professional Company Member"
Washington Concert Opera,Professional Company Member,38.9224746,-77.0348904,"<strong>Washington Concert Opera</strong><br/>Washington, DC<br/>Type: Professional Company Member"
Amarillo Opera,Professional Company Member,35.1876426,-101.844523,"<strong>Amarillo Opera</strong><br/>Amarillo, TX<br/>Type: Professional Company Member"
American Lyric Theater,Professional Company Member,40.7583763,-73.9934141,"<strong>American Lyric Theater</strong><br/>New York, NY<br/>Type: Professional Company Member"
American Opera Projects,Professional Company Member,40.685136,-73.9735133,"<strong>American Opera Projects</strong><br/>Brooklyn, NY<br/>Type: Professional Company Member"
Annapolis Opera,Professional Company Member,38.9738068,-76.5056846,"<strong>Annapolis Opera</strong><br/>Annapolis, MD<br/>Type: Professional Company Member"
Arizona Opera,Professional Company Member,33.4673673,-112.0741316,"<strong>Arizona Opera</strong><br/>Phoenix, AZ<br/>Type: Professional Company Member"
Charlottesville Opera,Professional Company Member,38.032291,-78.479506,"<strong>Charlottesville Opera</strong><br/>Charlottesville, VA<br/>Type: Professional Company Member"
Atlanta Opera,Professional Company Member,33.7977439,-84.4075634,"<strong>Atlanta Opera</strong><br/>Atlanta, GA<br/>Type: Professional Company Member"
Austin Opera,Professional Company Member,30.37976,-97.730224,"<strong>Austin Opera</strong><br/>Austin, TX<br/>Type: Professional Company Member"
Beth Morrison Projects,Professional Company Member,40.6464559,-73.9607382,"<strong>Beth Morrison Projects</strong><br/>Brooklyn, NY<br/>Type: Professional Company Member"
Cedar Rapids Opera,Professional Company Member,41.9755909,-91.6658426,"<strong>Cedar Rapids Opera</strong><br/>Cedar Rapids, IA<br/>Type: Professional Company Member"
Central City Opera,Professional Company Member,39.7093169,-104.9399516,"<strong>Central City Opera</strong><br/>Wheat Ridge, CO<br/>Type: Professional Company Member"
Chautauqua Opera,Professional Company Member,40.7583788,-73.9934804,"<strong>Chautauqua Opera</strong><br/>New York, NY<br/>Type: Professional Company Member"
Chicago Opera Theater,Professional Company Member,41.8860676,-87.6256982,"<strong>Chicago Opera Theater</strong><br/>Chicago, IL<br/>Type: Professional Company Member"
Cincinnati Opera,Professional Company Member,39.1098891,-84.518997100000007,"<strong>Cincinnati Opera</strong><br/>Cincinnati, OH<br/>Type: Professional Company Member"
Dallas Opera,Professional Company Member,32.7908527,-96.7980483,"<strong>Dallas Opera</strong><br/>Dallas, TX<br/>Type: Professional Company Member"
Dayton Performing Arts Alliance,Professional Company Member,39.7619111,-84.1918682,"<strong>Dayton Performing Arts Alliance</strong><br/>Dayton, OH<br/>Type: Professional Company Member"
Des Moines Metro Opera,Professional Company Member,41.3626004,-93.561969,"<strong>Des Moines Metro Opera</strong><br/>Indianola, IA<br/>Type: Professional Company Member"
Eugene Opera,Professional Company Member,44.0425817,-123.0931221,"<strong>Eugene Opera</strong><br/>Eugene, OR<br/>Type: Professional Company Member"
Ardea Arts - Opera Out Of Bounds,Professional Company Member,40.7222425,-74.0013104,"<strong>Ardea Arts - Opera Out Of Bounds</strong><br/>New York, NY<br/>Type: Professional Company Member"
Fargo-Moorhead Opera,Professional Company Member,46.877229,-96.789821,"<strong>Fargo-Moorhead Opera</strong><br/>Fargo, ND<br/>Type: Professional Company Member"
Festival Opera,Professional Company Member,37.9011498,-122.0613121,"<strong>Festival Opera</strong><br/>Walnut Creek, CA<br/>Type: Professional Company Member"
Florentine Opera Company,Professional Company Member,43.044243943437635,-87.91404488833895,"<strong>Florentine Opera Company</strong><br/>Milwaukee, WI<br/>Type: Professional Company Member"
Florida Grand Opera,Professional Company Member,25.791972,-80.194188,"<strong>Florida Grand Opera</strong><br/>Miami, FL<br/>Type: Professional Company Member"
Fort Worth Opera,Professional Company Member,32.75635,-97.32733,"<strong>Fort Worth Opera</strong><br/>Fort Worth, TX<br/>Type: Professional Company Member"
Glimmerglass Festival,Professional Company Member,42.7006303,-74.924321,"<strong>Glimmerglass Festival</strong><br/>Cooperstown, NY<br/>Type: Professional Company Member"
Hawai'i Opera Theatre,Professional Company Member,21.3044798,-157.8501354,"<strong>Hawai'i Opera Theatre</strong><br/>Honolulu, HI<br/>Type: Professional Company Member"
HERE,Professional Company Member,40.7251584,-74.004931,"<strong>HERE</strong><br/>New York, NY<br/>Type: Professional Company Member"
Houston Grand Opera,Professional Company Member,29.7636876,-95.3656217,"<strong>Houston Grand Opera</strong><br/>Houston, TX<br/>Type: Professional Company Member"
Opera Montana,Professional Company Member,45.6789984,-111.0354198,"<strong>Opera Montana</strong><br/>Bozeman, MT<br/>Type: Professional Company Member"
Knoxville Opera,Professional Company Member,35.9743354,-83.915378,"<strong>Knoxville Opera</strong><br/>Knoxville, TN<br/>Type: Professional Company Member"
Livermore Valley Opera,Professional Company Member,37.6818745,-121.7680088,"<strong>Livermore Valley Opera</strong><br/>Livermore, CA<br/>Type: Professional Company Member"
Long Beach Opera,Professional Company Member,33.7736714,-118.1941225,"<strong>Long Beach Opera</strong><br/>Long Beach, CA<br/>Type: Professional Company Member"
Los Angeles Opera,Professional Company Member,34.0566067,-118.2489325,"<strong>Los Angeles Opera</strong><br/>Los Angeles, CA<br/>Type: Professional Company Member"
Lyric Opera of Chicago,Professional Company Member,41.8823318,-87.6373977,"<strong>Lyric Opera of Chicago</strong><br/>Chicago, IL<br/>Type: Professional Company Member"
Lyric Opera of Kansas City,Professional Company Member,39.0921188,-94.5747032,"<strong>Lyric Opera of Kansas City</strong><br/>Kansas City, MO<br/>Type: Professional Company Member"
Madison Opera,Professional Company Member,43.0723425,-89.389739,"<strong>Madison Opera</strong><br/>Madison, WI<br/>Type: Professional Company Member"
Metropolitan Opera,Professional Company Member,40.7769059,-73.9800645,"<strong>Metropolitan Opera</strong><br/>New York, NY<br/>Type: Professional Company Member"
Detroit Opera,Professional Company Member,42.3364696,-83.0488075,"<strong>Detroit Opera</strong><br/>Detroit, MI<br/>Type: Professional Company Member"
Minnesota Opera,Professional Company Member,44.9893512,-93.2740846,"<strong>Minnesota Opera</strong><br/>Minneapolis, MN<br/>Type: Professional Company Member"
Opera Mississippi,Professional Company Member,32.3,-90.18,"<strong>Opera Mississippi</strong><br/>Jackson, MS<br/>Type: Professional Company Member"
Mobile Opera,Professional Company Member,30.6909321,-88.0441179,"<strong>Mobile Opera</strong><br/>Mobile, AL<br/>Type: Professional Company Member"
New Performance Traditions,Professional Company Member,37.7829058,-122.4109776,"<strong>New Performance Traditions</strong><br/>San Francisco, CA<br/>Type: Professional Company Member"
Nashville Opera,Professional Company Member,36.14509823826565,-86.82594144595518,"<strong>Nashville Opera</strong><br/>Nashville, TN<br/>Type: Professional Company Member"
Nautilus Music-Theater,Professional Company Member,44.9492634,-93.0835857,"<strong>Nautilus Music-Theater</strong><br/>St. Paul, MN<br/>Type: Professional Company Member"
New Orleans Opera Association,Professional Company Member,29.9470487,-90.0705249,"<strong>New Orleans Opera Association</strong><br/>New Orleans, LA<br/>Type: Professional Company Member"
North Carolina Opera,Professional Company Member,35.7968559,-78.6506259,"<strong>North Carolina Opera</strong><br/>Raleigh, NC<br/>Type: Professional Company Member"
Opera Birmingham,Professional Company Member,33.5176783,-86.7785792,"<strong>Opera Birmingham</strong><br/>Birmingham, AL<br/>Type: Professional Company Member"
Opera Carolina,Professional Company Member,35.213583,-80.8269229,"<strong>Opera Carolina</strong><br/>Charlotte, NC<br/>Type: Professional Company Member"
The Cleveland Opera,Professional Company Member,41.452846,-81.6447146,"<strong>The Cleveland Opera</strong><br/>Cleveland, OH<br/>Type: Professional Company Member"
Opera Colorado,Professional Company Member,39.704081,-104.9411793,"<strong>Opera Colorado</strong><br/>Englewood, CO<br/>Type: Professional Company Member"
Opera Columbus,Professional Company Member,39.959863,-82.998928,"<strong>Opera Columbus</strong><br/>Columbus, OH<br/>Type: Professional Company Member"
Opera Ebony,Professional Company Member,40.7801634,-73.9822972,"<strong>Opera Ebony</strong><br/>New York, NY<br/>Type: Professional Company Member"
Opera For The Young,Professional Company Member,43.0573248,-89.490888,"<strong>Opera For The Young</strong><br/>Madison, WI<br/>Type: Professional Company Member"
Opera Fort Collins,Professional Company Member,40.583599,-105.0814804,"<strong>Opera Fort Collins</strong><br/>Fort Collins, CO<br/>Type: Professional Company Member"
Opera Idaho,Professional Company Member,43.6130643,-116.208167,"<strong>Opera Idaho</strong><br/>Boise, ID<br/>Type: Professional Company Member"
Opera in the Heights,Professional Company Member,29.76,-95.36,"<strong>Opera in the Heights</strong><br/>Houston, TX<br/>Type: Professional Company Member"
Opera Memphis,Professional Company Member,35.1460249,-90.0517638,"<strong>Opera Memphis</strong><br/>Memphis, TN<br/>Type: Professional Company Member"
Opera Omaha,Professional Company Member,41.2579082,-95.9404931,"<strong>Opera Omaha</strong><br/>Omaha, NE<br/>Type: Professional Company Member"
Opera on the James,Professional Company Member,37.4099999,-79.14,"<strong>Opera on the James</strong><br/>Lynchburg, VA<br/>Type: Professional Company Member"
Opera Parallèle,Professional Company Member,37.7743762,-122.4216345,"<strong>Opera Parallèle</strong><br/>San Francisco, CA<br/>Type: Professional Company Member"
Opera Philadelphia,Professional Company Member,39.9479549,-75.1658968,"<strong>Opera Philadelphia</strong><br/>Philadelphia, PA<br/>Type: Professional Company Member"
Opera Roanoke,Professional Company Member,37.2708342,-79.9396003,"<strong>Opera Roanoke</strong><br/>ROANOKE, VA<br/>Type: Professional Company Member"
Opera San José,Professional Company Member,37.3869373,-121.909048,"<strong>Opera San José</strong><br/>San José, CA<br/>Type: Professional Company Member"
Opera Saratoga,Professional Company Member,43.0553107,-73.8009124,"<strong>Opera Saratoga</strong><br/>Saratoga Springs, NY<br/>Type: Professional Company Member"
Opera Southwest,Professional Company Member,35.09,-106.64,"<strong>Opera Southwest</strong><br/>Albuquerque, NM<br/>Type: Professional Company Member"
Pittsburgh Festival Opera,Professional Company Member,40.5142,-80.0298,"<strong>Pittsburgh Festival Opera</strong><br/>Pittsburgh, PA<br/>Type: Professional Company Member"
Opera Theatre of Saint Louis,Professional Company Member,38.5875497,-90.3433083,"<strong>Opera Theatre of Saint Louis</strong><br/>Saint Louis, MO<br/>Type: Professional Company Member"
OperaDelaware,Professional Company Member,39.7354595,-75.5487035,"<strong>OperaDelaware</strong><br/>Wilmington, DE<br/>Type: Professional Company Member"
Palm Beach Opera,Professional Company Member,26.7096646,-80.0521405,"<strong>Palm Beach Opera</strong><br/>West Palm Beach, FL<br/>Type: Professional Company Member"
Pensacola Opera,Professional Company Member,30.4122683,-87.21275,"<strong>Pensacola Opera</strong><br/>Pensacola, FL<br/>Type: Professional Company Member"
Piedmont Opera,Professional Company Member,36.096223,-80.2507849,"<strong>Piedmont Opera</strong><br/>Winston-Salem, NC<br/>Type: Professional Company Member"
Pittsburgh Opera,Professional Company Member,40.4532517,-79.9797605,"<strong>Pittsburgh Opera</strong><br/>Pittsburgh, PA<br/>Type: Professional Company Member"
Portland Opera,Professional Company Member,45.5061491,-122.6639903,"<strong>Portland Opera</strong><br/>Portland, OR<br/>Type: Professional Company Member"
Opera Maine,Professional Company Member,43.655317,-70.2541768,"<strong>Opera Maine</strong><br/>Portland, ME<br/>Type: Professional Company Member"
Sacramento Philharmonic & Opera,Professional Company Member,38.5777167,-121.4872128,"<strong>Sacramento Philharmonic & Opera</strong><br/>Sacramento, CA<br/>Type: Professional Company Member"
Salt Marsh Opera,Professional Company Member,41.339534,-71.906132,"<strong>Salt Marsh Opera</strong><br/>Stonington, CT<br/>Type: Professional Company Member"
San Diego Opera Association,Professional Company Member,32.7188552,-117.1601698,"<strong>San Diego Opera Association</strong><br/>San Diego, CA<br/>Type: Professional Company Member"
San Francisco Opera,Professional Company Member,37.7785899,-122.4209167,"<strong>San Francisco Opera</strong><br/>San Francisco, CA<br/>Type: Professional Company Member"
Santa Fe Opera,Professional Company Member,35.81,-105.99,"<strong>Santa Fe Opera</strong><br/>Santa Fe, NM<br/>Type: Professional Company Member"
Seattle Opera,Professional Company Member,47.6197264,-122.336336,"<strong>Seattle Opera</strong><br/>Seattle, WA<br/>Type: Professional Company Member"
The Industry L.A.,Professional Company Member,34.0871478,-118.283664,"<strong>The Industry L.A.</strong><br/>Los Angeles, CA<br/>Type: Professional Company Member"
the little OPERA theatre of NY,Professional Company Member,40.7413663,-73.9984487,"<strong>the little OPERA theatre of NY</strong><br/>New York, NY<br/>Type: Professional Company Member"
Toledo Opera,Professional Company Member,41.6495101,-83.5366493,"<strong>Toledo Opera</strong><br/>Toledo, OH<br/>Type: Professional Company Member"
Tri-Cities Opera,Professional Company Member,42.1098355,-75.9366665,"<strong>Tri-Cities Opera</strong><br/>Binghamton, NY<br/>Type: Professional Company Member"
Tulsa Opera,Professional Company Member,36.1394188,-95.988727,"<strong>Tulsa Opera</strong><br/>Tulsa, OK<br/>Type: Professional Company Member"
Utah Symphony | Utah Opera,Professional Company Member,40.7767219,-111.90148,"<strong>Utah Symphony | Utah Opera</strong><br/>Salt Lake City, UT<br/>Type: Professional Company Member"
National Sawdust,Professional Company Member,40.7189,-73.96134,"<strong>National Sawdust</strong><br/>Brooklyn, NY<br/>Type: Professional Company Member"
Washington National Opera,Professional Company Member,38.8950982,-77.0363849,"<strong>Washington National Opera</strong><br/>Washington, DC<br/>Type: Professional Company Member"
Wolf Trap Opera Company,Professional Company Member,38.9324721,-77.2655206,"<strong>Wolf Trap Opera Company</strong><br/>Vienna, VA<br/>Type: Professional Company Member"
OPERA San Antonio,Professional Company Member,29.431275,-98.4812736,"<strong>OPERA San Antonio</strong><br/>San Antonio, TX<br/>Type: Professional Company Member"
Marble City Opera,Professional Company Member,35.881701,-84.186091,"<strong>Marble City Opera</strong><br/>Knoxville, TN<br/>Type: Professional Company Member"
Opera Lafayette,Professional Company Member,38.8902781,-77.0007773,"<strong>Opera Lafayette</strong><br/>Washington, DC<br/>Type: Professional Company Member"
Resonance Works,Professional Company Member,40.4327086,-79.9248669,"<strong>Resonance Works</strong><br/>Pittsburgh, PA<br/>Type: Professional Company Member"
Opera Company of Middlebury,Professional Company Member,44.015337100000004,-73.16734,"<strong>Opera Company of Middlebury</strong><br/>Middlebury, VT<br/>Type: Professional Company Member"
Anchorage Opera,Professional Company Member,61.222733,-149.854358,"<strong>Anchorage Opera</strong><br/>Anchorage, AK<br/>Type: Professional Company Member"
Sarasota Opera,Professional Company Member,27.3368618,-82.5438377,"<strong>Sarasota Opera</strong><br/>Sarasota, FL<br/>Type: Professional Company Member"
Ars Minerva,Professional Company Member,37.7474007,-122.4288114,"<strong>Ars Minerva</strong><br/>San Francisco, CA<br/>Type: Professional Company Member"
New Philharmonic Opera,Professional Company Member,41.8436125,-88.0687396,"<strong>New Philharmonic Opera</strong><br/>Glen Ellyn, IL<br/>Type: Professional Company Member"
White Snake Projects,Professional Company Member,42.3198051,-71.1406542,"<strong>White Snake Projects</strong><br/>Brookline, MA<br/>Type: Professional Company Member"
First Coast Opera,Professional Company Member,29.8917023,-81.3163274,"<strong>First Coast Opera</strong><br/>St. Augustine, FL<br/>Type: Professional Company Member"
Buffalo Opera Unlimited,Professional Company Member,42.911972,-78.879621,"<strong>Buffalo Opera Unlimited</strong><br/>Buffalo, NY<br/>Type: Professional Company Member"
Virginia Opera,Professional Company Member,36.86272,-76.27873,"<strong>Virginia Opera</strong><br/>Norfolk, VA<br/>Type: Professional Company Member"
Spoleto Festival USA,Professional Company Member,32.78569,-79.93261,"<strong>Spoleto Festival USA</strong><br/>Charleston, SC<br/>Type: Professional Company Member"
Opera Modesto,Professional Company Member,37.64376,-121.00186,"<strong>Opera Modesto</strong><br/>Modesto, CA<br/>Type: Professional Company Member"
Opera Steamboat,Professional Company Member,40.48961,-106.82527,"<strong>Opera Steamboat</strong><br/>Steamboat Springs, CO<br/>Type: Professional Company Member"
Heartbeat Opera,Professional Company Member,40.74082,-73.9931,"<strong>Heartbeat Opera</strong><br/>New York, NY<br/>Type: Professional Company Member"
Opera Orlando,Professional Company Member,28.54073,-81.37119,"<strong>Opera Orlando</strong><br/>Orlando, FL<br/>Type: Professional Company Member"
Haymarket Opera Company,Professional Company Member,41.91652,-87.65549,"<strong>Haymarket Opera Company</strong><br/>Chicago, IL<br/>Type: Professional Company Member"
IN Series,Professional Company Member,38.9152,-77.03164,"<strong>IN Series</strong><br/>Washington, DC<br/>Type: Professional Company Member"
Greensboro Opera,Professional Company Member,36.07381,-79.78844,"<strong>Greensboro Opera</strong><br/>Greensboro, NC<br/>Type: Professional Company Member"
Opera Las Vegas,Professional Company Member,35.99566,-115.20741,"<strong>Opera Las Vegas</strong><br/>Las Vegas, NV<br/>Type: Professional Company Member"
Experiments in Opera,Professional Company Member,40.66114,-73.99562,"<strong>Experiments in Opera</strong><br/>Brooklyn, NY<br/>Type: Professional Company Member"
Painted Sky Opera,Professional Company Member,35.66136,-97.51812,"<strong>Painted Sky Opera</strong><br/>Edmond, OK<br/>Type: Professional Company Member"
El Paso Opera,Professional Company Member,31.76156,-106.49102,"<strong>El Paso Opera</strong><br/>El Paso, TX<br/>Type: Professional Company Member"
Union Avenue Opera,Professional Company Member,38.65401,-90.274,"<strong>Union Avenue Opera</strong><br/>Saint Louis, MO<br/>Type: Professional Company Member"
Kentucky Opera,Professional Company Member,38.24649,-85.75743,"<strong>Kentucky Opera</strong><br/>Louisville, KY<br/>Type: Professional Company Member"
Pocket Opera,Professional Company Member,37.78183,-122.39494,"<strong>Pocket Opera</strong><br/>San Francisco, CA<br/>Type: Professional Company Member"
New Camerata Opera,Professional Company Member,40.8824058,-73.8949094,"<strong>New Camerata Opera</strong><br/>Bronx, NY<br/>Type: Professional Company Member"
Anima Mundi Productions,Professional Company Member,42.262556,-122.81464,"<strong>Anima Mundi Productions</strong><br/>Phoenix, OR<br/>Type: Professional Company Member"
Maryland Opera,Professional Company Member,39.311977,-76.615261,"<strong>Maryland Opera</strong><br/>Baltimore, MD<br/>Type: Professional Company Member"
Ozarks Lyric Opera,Professional Company Member,37.2081729,-93.2922715,"<strong>Ozarks Lyric Opera</strong><br/>Springfield, MO<br/>Type: Professional Company Member"
Finger Lakes Opera,Professional Company Member,43.112163,-77.561771,"<strong>Finger Lakes Opera</strong><br/>Rochester, NY<br/>Type: Professional Company Member"
Opéra Louisiane,Professional Company Member,30.461252000000002,-91.044723,"<strong>Opéra Louisiane</strong><br/>Baton Rouge, LA<br/>Type: Professional Company Member"
Charleston Opera Theater,Professional Company Member,32.84885,-79.85773,"<strong>Charleston Opera Theater</strong><br/>Charleston, SC<br/>Type: Professional Company Member"
Chicago Fringe Opera,Professional Company Member,41.925487,-87.653764,"<strong>Chicago Fringe Opera</strong><br/>Chicago, IL<br/>Type: Professional Company Member"
MassOpera,Professional Company Member,42.42379,-71.156717,"<strong>MassOpera</strong><br/>Arlington, MA<br/>Type: Professional Company Member"
Alliance for New Music-Theatre,Professional Company Member,38.9131208,-77.0503074,"<strong>Alliance for New Music-Theatre</strong><br/>Washington, DC<br/>Type: Professional Company Member"
Synchromy,Professional Company Member,34.0909024,-118.2621446,"<strong>Synchromy</strong><br/>Los Angeles, CA<br/>Type: Professional Company Member"
Opera Vermont,Professional Company Member,43.7982806,-73.087913,"<strong>Opera Vermont</strong><br/>Brandon, VT<br/>Type: Professional Company Member"
Teatro Grattacielo,Professional Company Member,40.7749135,-74.0232875,"<strong>Teatro Grattacielo</strong><br/>UNION CITY, NJ<br/>Type: Professional Company Member"
Ars Lyrica Houston,Professional Company Member,29.748798,-95.4590652999999,"<strong>Ars Lyrica Houston</strong><br/>Houston, TX<br/>Type: Professional Company Member"
Mission Opera,Professional Company Member,34.50062,-118.622,"<strong>Mission Opera</strong><br/>Castaic, CA<br/>Type: Professional Company Member"
Opera in the Pines,Professional Company Member,43.567315,-70.2065405,"<strong>Opera in the Pines</strong><br/>Cape Elizabeth, ME<br/>Type: Professional Company Member"
Boston Lyric Opera,Professional Company Member,42.34549,-71.05127,"<strong>Boston Lyric Opera</strong><br/>Boston, MA<br/>Type: Professional Company Member"
Fisher Center for the Performing Arts at Bard College\t\t\t\t\t\t\t\t\t\t\t\t\t\t\t\t\t\t\t,Professional Company Member,42.0313124,-73.9025561999999,"<strong>Fisher Center for the Performing Arts at Bard College\t\t\t\t\t\t\t\t\t\t\t\t\t\t\t\t\t\t\t</strong><br/>Annandale on Hudson, NY<br/>Type: Professional Company Member"
New Music Theatre Project,Professional Company Member,40.7455316,-73.9484995,"<strong>New Music Theatre Project</strong><br/>Long Island City, NY<br/>Type: Professional Company Member"
Lyric Opera of Orange County,Professional Company Member,33.63736,-117.6082774,"<strong>Lyric Opera of Orange County</strong><br/>Rancho Santa Margarita, CA<br/>Type: Professional Company Member"
Wilmington Concert Opera,Professional Company Member,39.7431142999999,-75.5536015,"<strong>Wilmington Concert Opera</strong><br/>Wilmington, DE<br/>Type: Professional Company Member"
The Opera Buffs Inc.,Professional Company Member,34.0603311,-118.4323188,"<strong>The Opera Buffs Inc.</strong><br/>Los Angeles, CA<br/>Type: Professional Company Member"
Aria412,Professional Company Member,40.4780395,-79.9544645,"<strong>Aria412</strong><br/>Pittsburgh, PA<br/>Type: Professional Company Member"
New York City Hall,Professional Company Member,40.7127281,-74.0060152,"<strong>New York City Hall</strong><br/>New York, NY<br/>Type: Professional Company Member"
Hogfish,Professional Company Member,43.61518,-70.211412,"<strong>Hogfish</strong><br/>Cape Elizabeth, ME<br/>Type: Professional Company Member"
Project [BLANK],Professional Company Member,32.74532,-117.0947,"<strong>Project [BLANK]</strong><br/>San Diego, CA<br/>Type: Professional Company Member"
Contemporaneous Inc.,Professional Company Member,40.7127281,-74.0060152,"<strong>Contemporaneous Inc.</strong><br/>New York, NY<br/>Type: Professional Company Member"
Renegade Opera,Professional Company Member,45.5202471,-122.674194,"<strong>Renegade Opera</strong><br/>Portland, OR<br/>Type: Professional Company Member"
Amelia Island Opera,Professional Company Member,30.666557,-81.455956,"<strong>Amelia Island Opera</strong><br/>Fernandina Beach, FL<br/>Type: Professional Company Member"
Park City Opera,Professional Company Member,40.6460921,-111.4979963,"<strong>Park City Opera</strong><br/>Park City, UT<br/>Type: Professional Company Member"
Kunqu Society Inc.,Associate Member,40.7654301,-73.8174291,"<strong>Kunqu Society Inc.</strong><br/>Flushing, NY<br/>Type: Associate Member"
Opera Verace Foundation,Associate Member,37.7879363,-122.4075201,"<strong>Opera Verace Foundation</strong><br/>San Francisco, CA<br/>Type: Associate Member"
New York City Hall,Associate Member,40.7127281,-74.0060152,"<strong>New York City Hall</strong><br/>New York, NY<br/>Type: Associate Member"
Studio Lirico NYC,Associate Member,40.8466508,-73.8785937,"<strong>Studio Lirico NYC</strong><br/>Bronx, NY<br/>Type: Associate Member"
Miss Caricom International Foundation,Associate Member,40.7135078,-73.8283132,"<strong>Miss Caricom International Foundation</strong><br/>Queens, NY<br/>Type: Associate Member"
Frank Huntington Beebe Fund for Musicians,Associate Member,42.3582784320385,-71.05932307427531,"<strong>Frank Huntington Beebe Fund for Musicians</strong><br/>Boston, MA<br/>Type: Associate Member"
Double Entendre,Associate Member,40.7127281,-74.0060152,"<strong>Double Entendre</strong><br/>New York, NY<br/>Type: Associate Member"
Premiere Opera Foundation,Associate Member,40.7127281,-74.0060152,"<strong>Premiere Opera Foundation</strong><br/>New York, NY<br/>Type: Associate Member"
The Sembrich,Associate Member,43.5669653,-73.6548019,"<strong>The Sembrich</strong><br/>Bolton Landing, NY<br/>Type: Associate Member"
Manhattan Choral Ensemble,Associate Member,40.7127281,-74.0060152,"<strong>Manhattan Choral Ensemble</strong><br/>New York, NY<br/>Type: Associate Member"
Madison Avenue Baptist Church,Associate Member,40.7127281,-74.0060152,"<strong>Madison Avenue Baptist Church</strong><br/>New York, NY<br/>Type: Associate Member"
Kunst Harmonie Foundation for Arts & Cultural Education,Associate Member,40.8509333,-73.9701382,"<strong>Kunst Harmonie Foundation for Arts & Cultural Education</strong><br/>Fort Lee, NJ<br/>Type: Associate Member"
Westchester Oratorio Society,Associate Member,40.7127281,-74.0060152,"<strong>Westchester Oratorio Society</strong><br/>New York, NY<br/>Type: Associate Member"
Opera Volunteers International,Associate Member,38.8838856,-94.81887,"<strong>Opera Volunteers International</strong><br/>Olathe, KS<br/>Type: Associate Member"
Vero Beach Opera,Associate Member,27.649466010793567,-80.35676153978277,"<strong>Vero Beach Opera</strong><br/>Vero Beach, FL<br/>Type: Associate Member"
The Royal Foundation of Music and Arts,Associate Member,34.0990995,-118.1085554,"<strong>The Royal Foundation of Music and Arts</strong><br/>San Gabriel, CA<br/>Type: Associate Member"
Oratorio Society of New York,Associate Member,40.7127281,-74.0060152,"<strong>Oratorio Society of New York</strong><br/>New York, NY<br/>Type: Associate Member"
Vashon Opera,Associate Member,45.6424488,-122.5478184,"<strong>Vashon Opera</strong><br/>Burton, WA<br/>Type: Associate Member"
A Very Good Theater Company,Associate Member,40.7215682,-74.047455,"<strong>A Very Good Theater Company</strong><br/>Jersey City, NJ<br/>Type: Associate Member"
Universal Opera Company,Associate Member,38.9812726,-77.1233587,"<strong>Universal Opera Company</strong><br/>Bethesda, MD<br/>Type: Associate Member"
The Music and More Foundation,Associate Member,40.7127281,-74.0060152,"<strong>The Music and More Foundation</strong><br/>New York, NY<br/>Type: Associate Member"
Opera Laguna,Associate Member,33.5426975,-117.785366,"<strong>Opera Laguna</strong><br/>Laguna Beach, CA<br/>Type: Associate Member"
Opera Laguna,Associate Member,33.5426975,-117.785366,"<strong>Opera Laguna</strong><br/>Laguna Beach, CA<br/>Type: Associate Member"
Riverside Lyric Opera,Associate Member,33.9824949,-117.374238,"<strong>Riverside Lyric Opera</strong><br/>Riverside, CA<br/>Type: Associate Member"
OperaBend,Associate Member,44.0581728,-121.3153096,"<strong>OperaBend</strong><br/>Bend, OR<br/>Type: Associate Member"
Studio Showcase,Associate Member,41.0787079,-73.4692873,"<strong>Studio Showcase</strong><br/>Darien, CT<br/>Type: Associate Member"
Hudson Opera House (dba Hudson Hall),Associate Member,42.2528649,-73.790959,"<strong>Hudson Opera House (dba Hudson Hall)</strong><br/>Hudson, NY<br/>Type: Associate Member"
Opera Aeterna,Associate Member,42.128704,-87.8265089,"<strong>Opera Aeterna</strong><br/>Northbrook, IL<br/>Type: Associate Member"
Caramoor Center for Music and the Arts,Associate Member,41.2558715,-73.6847453,"<strong>Caramoor Center for Music and the Arts</strong><br/>Katonah, NY<br/>Type: Associate Member"
ArgondizzaGuitar,Associate Member,40.7127281,-74.0060152,"<strong>ArgondizzaGuitar</strong><br/>New York, NY<br/>Type: Associate Member"
Japan Performing Arts Inc.,Associate Member,40.7453798,-73.9054145,"<strong>Japan Performing Arts Inc.</strong><br/>Woodside, NY<br/>Type: Associate Member"
Works & Process,Associate Member,40.783132851341236,-73.95886683783527,"<strong>Works & Process</strong><br/>New York, NY<br/>Type: Associate Member"
Music of Remembrance,Associate Member,47.6038321,-122.330062,"<strong>Music of Remembrance</strong><br/>Seattle, WA<br/>Type: Associate Member"
Palm Springs Opera Guild,Associate Member,33.8246269,-116.540303,"<strong>Palm Springs Opera Guild</strong><br/>Palm Springs, CA<br/>Type: Associate Member"
Pinease Association Inc.,Associate Member,40.7654301,-73.8174291,"<strong>Pinease Association Inc.</strong><br/>Flushing, NY<br/>Type: Associate Member"
Schmidt Vocal Arts,Associate Member,39.08601,-84.51032,"<strong>Schmidt Vocal Arts</strong><br/>Covington, KY<br/>Type: Associate Member"
American Symphony Orchestra,Associate Member,40.7127281,-74.0060152,"<strong>American Symphony Orchestra</strong><br/>New York, NY<br/>Type: Associate Member"
Brooklyn Music Teachers Guild,Associate Member,40.880938,-73.319453,"<strong>Brooklyn Music Teachers Guild</strong><br/>East Northport, NY<br/>Type: Associate Member"
New York Flute Club,Associate Member,40.7127281,-74.0060152,"<strong>New York Flute Club</strong><br/>New York, NY<br/>Type: Associate Member"
Chicago Summer Opera,Associate Member,41.88954982382289,-87.62518059825581,"<strong>Chicago Summer Opera</strong><br/>Wilmette, IL<br/>Type: Associate Member"
Don Erik Franzen Inc,Associate Member,34.0696501,-118.3963062,"<strong>Don Erik Franzen Inc</strong><br/>Beverly Hills, CA<br/>Type: Associate Member"
Up Until Now Collective LLC,Associate Member,40.7127281,-74.0060152,"<strong>Up Until Now Collective LLC</strong><br/>New York, NY<br/>Type: Associate Member"
Opera Festival of Chicago,Associate Member,42.0700662,-87.8114044,"<strong>Opera Festival of Chicago</strong><br/>Glenview, IL<br/>Type: Associate Member"
Musical Life Foundation,Associate Member,40.9278769,-73.7517983,"<strong>Musical Life Foundation</strong><br/>Larchmont, NY<br/>Type: Associate Member"
Berkshire Opera Festival,Associate Member,42.4460545,-73.2529924999999,"<strong>Berkshire Opera Festival</strong><br/>Pittsfield, MA<br/>Type: Associate Member"
Art Song Preservation Society of New York Inc.,Associate Member,40.80114557298006,-73.94838061852342,"<strong>Art Song Preservation Society of New York Inc.</strong><br/>New York, NY<br/>Type: Associate Member"
Opportunity Music Project,Associate Member,40.7835172454289,-73.94739881852418,"<strong>Opportunity Music Project</strong><br/>New York, NY<br/>Type: Associate Member"
Japan Performing Arts,Associate Member,40.76086,-73.98622,"<strong>Japan Performing Arts</strong><br/>New York, NY<br/>Type: Associate Member"
Respiro Opera NYC,Associate Member,40.7870363,-73.9758794999999,"<strong>Respiro Opera NYC</strong><br/>New York, NY<br/>Type: Associate Member"
Music-Fest,Associate Member,40.4274291,-74.5569927,"<strong>Music-Fest</strong><br/>Kendall Park, NJ<br/>Type: Associate Member"
The Yiddish Philharmonic Chorus,Associate Member,40.746415,-73.998656,"<strong>The Yiddish Philharmonic Chorus</strong><br/>New York, NY<br/>Type: Associate Member"
Druid City Opera,Associate Member,33.2075994,-87.5381173999999,"<strong>Druid City Opera</strong><br/>Tuscaloosa, AL<br/>Type: Associate Member"
The David I Martin Music Guild of NANM Inc.,Associate Member,40.8140369,-73.9374517,"<strong>The David I Martin Music Guild of NANM Inc.</strong><br/>New York, NY<br/>Type: Associate Member"
New Music USA,Associate Member,40.7075453,-74.0059390999999,"<strong>New Music USA</strong><br/>New York, NY<br/>Type: Associate Member"
Regina Opera Company,Associate Member,40.6381227,-73.9711809,"<strong>Regina Opera Company</strong><br/>Brooklyn, NY<br/>Type: Associate Member"
Dolora Zajick Institute for Young Dramatic Voices,Associate Member,39.504135,-119.8083842,"<strong>Dolora Zajick Institute for Young Dramatic Voices</strong><br/>Reno, NV<br/>Type: Associate Member"
MasterVoices,Associate Member,40.7643578,-73.9768174,"<strong>MasterVoices</strong><br/>New York, NY<br/>Type: Associate Member"
Lyrica Classic Entertainment,Associate Member,38.8467012,-77.0926781,"<strong>Lyrica Classic Entertainment</strong><br/>Arlington, VA<br/>Type: Associate Member"
PROTESTRA,Associate Member,40.6962274,-73.9938126,"<strong>PROTESTRA</strong><br/>Brooklyn, NY<br/>Type: Associate Member"
Parthenia Viol Consort,Associate Member,40.7392338,-73.8966439,"<strong>Parthenia Viol Consort</strong><br/>Woodside, NY<br/>Type: Associate Member"
OperaCréole,Associate Member,29.9287877,-90.07283,"<strong>OperaCréole</strong><br/>New Orleans, LA<br/>Type: Associate Member"
Chamber Music America,Associate Member,40.7474050999999,-73.9865686999999,"<strong>Chamber Music America</strong><br/>New York, NY<br/>Type: Associate Member"
Gulfshore Opera,Associate Member,26.432154,-81.790183,"<strong>Gulfshore Opera</strong><br/>Estero, FL<br/>Type: Associate Member"
Bel Canto Boot Camp,Associate Member,40.85684,-73.93663,"<strong>Bel Canto Boot Camp</strong><br/>New York, NY<br/>Type: Associate Member"
International Brazilian Opera Company,Associate Member,40.8005185,-73.9552923,"<strong>International Brazilian Opera Company</strong><br/>New York, NY<br/>Type: Associate Member"
LOLA,Associate Member,30.3632377,-97.7095217999999,"<strong>LOLA</strong><br/>Austin, TX<br/>Type: Associate Member"
Olga Forrai Foundation,Associate Member,40.70778366573592,-74.01333705900223,"<strong>Olga Forrai Foundation</strong><br/>New York, NY<br/>Type: Associate Member"
Sing for Hope,Associate Member,40.70488010430435,-74.00761356270814,"<strong>Sing for Hope</strong><br/>New York, NY<br/>Type: Associate Member"
Opera at Florham,Associate Member,40.7966042,-74.4815759,"<strong>Opera at Florham</strong><br/>Convent Station, NJ<br/>Type: Associate Member"
The United States Army Field Band,Associate Member,39.0926497,-76.7342824,"<strong>The United States Army Field Band</strong><br/>Fort Meade, MD<br/>Type: Associate Member"
St. Croix Valley Opera,Associate Member,45.05598,-92.811,"<strong>St. Croix Valley Opera</strong><br/>Stillwater, MN<br/>Type: Associate Member"
Queens Opera Theatre,Associate Member,40.7177598,-73.8431521999999,"<strong>Queens Opera Theatre</strong><br/>Forest Hills, NY<br/>Type: Associate Member"
SAS Performing Arts Company and Studios,Associate Member,40.735475851662294,-74.1690536571483,"<strong>SAS Performing Arts Company and Studios</strong><br/>Newark, NJ<br/>Type: Associate Member"
The English Concert in America,Associate Member,41.162209,-73.501267,"<strong>The English Concert in America</strong><br/>New Canaan, CT<br/>Type: Associate Member"
Catapult Opera Inc.,Associate Member,40.835112171337315,-73.94624897619425,"<strong>Catapult Opera Inc.</strong><br/>New York, NY<br/>Type: Associate Member"
Random Access Music,Associate Member,40.6526006,-73.9497211,"<strong>Random Access Music</strong><br/>Brooklyn, NY<br/>Type: Associate Member"
Composers Now,Associate Member,41.099455,-73.934311,"<strong>Composers Now</strong><br/>Nyack, NY<br/>Type: Associate Member"
National Opera Association,Associate Member,42.290235,-83.720983,"<strong>National Opera Association</strong><br/>Ann Arbor, MI<br/>Type: Associate Member"
Stage Manager's Association,Associate Member,40.780751,-73.977182,"<strong>Stage Manager's Association</strong><br/>New York, NY<br/>Type: Associate Member"
Voice Afire Opera-Cabaret,Associate Member,40.85681393969315,-73.93530856084877,"<strong>Voice Afire Opera-Cabaret</strong><br/>New York, NY<br/>Type: Associate Member"
New York Women Composers,Associate Member,40.751959,-73.887681,"<strong>New York Women Composers</strong><br/>Jackson Heights, NY<br/>Type: Associate Member"
North/South Consonance Inc,Associate Member,40.798664,-73.967778,"<strong>North/South Consonance Inc</strong><br/>New York, NY<br/>Type: Associate Member"
Ravinia Festival,Associate Member,42.15971,-87.77278,"<strong>Ravinia Festival</strong><br/>Highland Park, IL<br/>Type: Associate Member"
ABRSM,Associate Member,40.753275,-73.793736,"<strong>ABRSM</strong><br/>Flushing, NY<br/>Type: Associate Member"
Cuban Cultural Center of New York,Associate Member,40.7558611,-73.987061,"<strong>Cuban Cultural Center of New York</strong><br/>New York, NY<br/>Type: Associate Member"
Berks Opera Company,Associate Member,40.388442,-75.963055,"<strong>Berks Opera Company</strong><br/>Reading, PA<br/>Type: Associate Member"
operamission,Associate Member,40.71755,-73.81423,"<strong>operamission</strong><br/>Jamaica, NY<br/>Type: Associate Member"
Seagle Festival,Associate Member,43.8369572,-73.7614161,"<strong>Seagle Festival</strong><br/>Schroon Lake, NY<br/>Type: Associate Member"
Dramatists Guild of America,Associate Member,40.7570141,-73.9868963999999,"<strong>Dramatists Guild of America</strong><br/>New York, NY<br/>Type: Associate Member"
ACMA,Associate Member,40.663074,-74.268105,"<strong>ACMA</strong><br/>Roselle Park, NJ<br/>Type: Associate Member"
New Century Opera,Associate Member,28.1470175,-82.7519275,"<strong>New Century Opera</strong><br/>Tarpon Springs, FL<br/>Type: Associate Member"
Manhattan Choral Ensemble,Associate Member,40.7127281,-74.0060152,"<strong>Manhattan Choral Ensemble</strong><br/>New York, NY<br/>Type: Associate Member"
United Pugliese Federation of NY,Associate Member,40.6294,-74.002826,"<strong>United Pugliese Federation of NY</strong><br/>Brooklyn, NY<br/>Type: Associate Member"
Alaria Chamber Ensemble,Associate Member,40.759991,-73.994833,"<strong>Alaria Chamber Ensemble</strong><br/>New York, NY<br/>Type: Associate Member"
New York Composers Circle,Associate Member,40.650002,-73.949997,"<strong>New York Composers Circle</strong><br/>Brooklyn, NY<br/>Type: Associate Member"
Adelphi Orchestra,Associate Member,40.926248,-74.038533,"<strong>Adelphi Orchestra</strong><br/>River Edge, NJ<br/>Type: Associate Member"
Loadbang,Associate Member,40.852671,-73.935393,"<strong>Loadbang</strong><br/>New York, NY<br/>Type: Associate Member"
American Academy of Teachers of Singing,Associate Member,41.086264,-73.924677,"<strong>American Academy of Teachers of Singing</strong><br/>Bronx, NY<br/>Type: Associate Member"
Midori & Friends,Associate Member,40.748264,-73.9928419,"<strong>Midori & Friends</strong><br/>New York, NY<br/>Type: Associate Member"
New York Opera Alliance,Associate Member,40.747773,-73.993365,"<strong>New York Opera Alliance</strong><br/>New York, NY<br/>Type: Associate Member"
Geneva Light Opera,Associate Member,42.863992,-76.983764,"<strong>Geneva Light Opera</strong><br/>Geneva, NY<br/>Type: Associate Member"
Argento New Music Project,Associate Member,40.7859464,-73.9741873999999,"<strong>Argento New Music Project</strong><br/>New York, NY<br/>Type: Associate Member"
Young Artists of America,Associate Member,39.0315117,-77.1050039,"<strong>Young Artists of America</strong><br/>North Bethesda, MD<br/>Type: Associate Member"
The Composers Collective,Associate Member,40.68548,-73.98186,"<strong>The Composers Collective</strong><br/>Brooklyn, NY<br/>Type: Associate Member"
The Gerda Lissner Foundation,Associate Member,40.7677581,-73.9690727,"<strong>The Gerda Lissner Foundation</strong><br/>New York, NY<br/>Type: Associate Member"
One Ounce Opera,Associate Member,30.2603535,-97.7145152,"<strong>One Ounce Opera</strong><br/>Austin, TX<br/>Type: Associate Member"
New York City Master Chorale,Associate Member,40.7369025,-73.9974628,"<strong>New York City Master Chorale</strong><br/>New York, NY<br/>Type: Associate Member"
Filmshop,Associate Member,40.725844,-74.003208,"<strong>Filmshop</strong><br/>New York, NY<br/>Type: Associate Member"
Opera in Williamsburg,Associate Member,37.27,-76.7099999,"<strong>Opera in Williamsburg</strong><br/>Williamsburg, VA<br/>Type: Associate Member"
Exponential Ensemble,Associate Member,40.7316188,-74.0081112,"<strong>Exponential Ensemble</strong><br/>New York, NY<br/>Type: Associate Member"
National Children's Chorus,Associate Member,34.0536909,-118.242766,"<strong>National Children's Chorus</strong><br/>Los Angeles, CA<br/>Type: Associate Member"
Opera Index,Associate Member,40.77586,-73.98603,"<strong>Opera Index</strong><br/>New York, NY<br/>Type: Associate Member"
The Chamber Music Center of New York,Associate Member,40.7995365,-73.9718457,"<strong>The Chamber Music Center of New York</strong><br/>New York, NY<br/>Type: Associate Member"
Virginia Arts Festival,Associate Member,36.8513497,-76.2864459,"<strong>Virginia Arts Festival</strong><br/>Norfolk, VA<br/>Type: Associate Member"
Boston Early Music Festival,Associate Member,42.3699335,-71.0797014,"<strong>Boston Early Music Festival</strong><br/>Cambridge, MA<br/>Type: Associate Member"
Joy In Singing,Associate Member,40.911348,-73.89422,"<strong>Joy In Singing</strong><br/>Yonkers, NY<br/>Type: Associate Member"
Vital Opera,Associate Member,40.7127281,-74.0060152,"<strong>Vital Opera</strong><br/>New York, NY<br/>Type: Associate Member"
Richard Wagner Society of New York,Associate Member,40.7769059,-73.9800645,"<strong>Richard Wagner Society of New York</strong><br/>New York, NY<br/>Type: Associate Member"
USITT,Associate Member,43.0279271,-76.1036695,"<strong>USITT</strong><br/>Liverpool, NY<br/>Type: Associate Member"
National Chorale,Associate Member,40.7618157,-73.9833893,"<strong>National Chorale</strong><br/>New York, NY<br/>Type: Associate Member"
San Francisco Opera Guild,Associate Member,37.7785899,-122.4209167,"<strong>San Francisco Opera Guild</strong><br/>San Francisco, CA<br/>Type: Associate Member"
Savannah Voice Festival,Associate Member,32.08,-81.1,"<strong>Savannah Voice Festival</strong><br/>Savannah, GA<br/>Type: Associate Member"
New York Singing Teachers Association,Associate Member,40.438011,-74.541857,"<strong>New York Singing Teachers Association</strong><br/>Vauxhall, NJ<br/>Type: Associate Member"
Erling Wold's Fabrications,Associate Member,37.7589467,-122.398875,"<strong>Erling Wold's Fabrications</strong><br/>San Francisco, CA<br/>Type: Associate Member"
Fritz and Lavinia Jensen Foundation Annual Voice Competition,Associate Member,35.2278328,-80.8406009,"<strong>Fritz and Lavinia Jensen Foundation Annual Voice Competition</strong><br/>Charlotte, NC<br/>Type: Associate Member"
Inside Broadway,Associate Member,40.7599157,-73.9911492,"<strong>Inside Broadway</strong><br/>New York, NY<br/>Type: Associate Member"
Kurt Weill Foundation for Music,Associate Member,40.7395803,-73.9901811,"<strong>Kurt Weill Foundation for Music</strong><br/>New York, NY<br/>Type: Associate Member"
League of American Orchestras,Associate Member,40.7695791,-73.9831927,"<strong>League of American Orchestras</strong><br/>New York, NY<br/>Type: Associate Member"
Light Opera of New York,Associate Member,40.7700703,-73.9580246,"<strong>Light Opera of New York</strong><br/>New York, NY<br/>Type: Associate Member"
Association of Performing Arts Presenters,Associate Member,38.9063697,-77.0409173,"<strong>Association of Performing Arts Presenters</strong><br/>Washington, DC<br/>Type: Associate Member"
Boosey & Hawkes,Business Member,40.7662424,-73.9824061,"<strong>Boosey & Hawkes</strong><br/>New York, NY<br/>Type: Business Member"
Catherine French Group,Business Member,38.9103803,-77.0521567999999,"<strong>Catherine French Group</strong><br/>Washington, DC<br/>Type: Business Member"
DCM Telemarketing and Telefundraising for the Arts,Business Member,40.75601231952353,-73.9934119645074,"<strong>DCM Telemarketing and Telefundraising for the Arts</strong><br/>New York, NY<br/>Type: Business Member"
ECS Publishing (E.C. Schirmer & Galaxy Music Corporation),Business Member,42.347211,-71.0938559,"<strong>ECS Publishing (E.C. Schirmer & Galaxy Music Corporation)</strong><br/>St. Louis, MO<br/>Type: Business Member"
Fisher Dachs Associates Inc. (FDA),Business Member,40.7393587,-73.9928961,"<strong>Fisher Dachs Associates Inc. (FDA)</strong><br/>New York, NY<br/>Type: Business Member"
Opera Titles by Sonya Friedman,Business Member,40.733973,-73.9973569,"<strong>Opera Titles by Sonya Friedman</strong><br/>Brooklyn, NY<br/>Type: Business Member"
G. Schirmer/Associated Music Publishers/Wise Music Classical,Business Member,40.7476446,-73.9834426,"<strong>G. Schirmer/Associated Music Publishers/Wise Music Classical</strong><br/>New York, NY<br/>Type: Business Member"
Peermusic Classical,Business Member,40.766288,-73.9825185,"<strong>Peermusic Classical</strong><br/>New York, NY<br/>Type: Business Member"
Schuler Shook - Chicago,Business Member,41.8962269,-87.637486,"<strong>Schuler Shook - Chicago</strong><br/>Chicago, IL<br/>Type: Business Member"
Soundmirror,Business Member,40.7536854,-73.9991637,"<strong>Soundmirror</strong><br/>Jamaica Plain, MA<br/>Type: Business Member"
Stivanello Costume Company,Business Member,40.7264406,-73.897126600000007,"<strong>Stivanello Costume Company</strong><br/>Maspeth, NY<br/>Type: Business Member"
Tessitura Network,Business Member,32.9005121,-96.7868794,"<strong>Tessitura Network</strong><br/>Dallas, TX<br/>Type: Business Member"
Keys to Success,Business Member,40.68956,-73.994274,"<strong>Keys to Success</strong><br/>Brooklyn, NY<br/>Type: Business Member"
DEA Music and Art Studio,Business Member,40.6139,-74.1575,"<strong>DEA Music and Art Studio</strong><br/>Staten Island, NY<br/>Type: Business Member"
City Strings & Piano,Business Member,40.744822877243536,-73.94826622720689,"<strong>City Strings & Piano</strong><br/>Long Island City, NY<br/>Type: Business Member"
Insignia Artists Management,Business Member,40.813738,-73.960836,"<strong>Insignia Artists Management</strong><br/>New York, NY<br/>Type: Business Member"
Silver Music,Business Member,40.7788161,-73.9828536999999,"<strong>Silver Music</strong><br/>New York, NY<br/>Type: Business Member"
Vatic,Business Member,32.8588771,-96.7339774,"<strong>Vatic</strong><br/>Dallas, TX<br/>Type: Business Member"
Charcoalblue,Business Member,40.747908832511264,-73.99328164365608,"<strong>Charcoalblue</strong><br/>New York, NY<br/>Type: Business Member"
UIA Talent Agency,Business Member,40.764016,-73.981361,"<strong>UIA Talent Agency</strong><br/>New York, NY<br/>Type: Business Member"
Management Consultants for the Arts,Business Member,41.073853,-73.54845,"<strong>Management Consultants for the Arts</strong><br/>Stamford, CT<br/>Type: Business Member"
Young Concert Artists Inc.,Business Member,40.766435,-73.981622,"<strong>Young Concert Artists Inc.</strong><br/>New York, NY<br/>Type: Business Member"
Black Tea Music,Business Member,40.868005,-73.926625,"<strong>Black Tea Music</strong><br/>New York, NY<br/>Type: Business Member"
Guy Barzilay Artists,Business Member,40.748079,-74.0015879,"<strong>Guy Barzilay Artists</strong><br/>New York, NY<br/>Type: Business Member"
Robert Gilder & Co. International Artist Management,Business Member,40.7392893,-73.9893975999999,"<strong>Robert Gilder & Co. International Artist Management</strong><br/>New York, NY<br/>Type: Business Member"
Groundswell Theatricals Inc,Business Member,40.7617954,-73.9833548,"<strong>Groundswell Theatricals Inc</strong><br/>New York, NY<br/>Type: Business Member"
Étude Arts,Business Member,40.7769059,-73.9800645,"<strong>Étude Arts</strong><br/>New York, NY<br/>Type: Business Member"
Jeffrey James Arts Consulting,Business Member,40.7299427,-73.4435514,"<strong>Jeffrey James Arts Consulting</strong><br/>Farmingdale, NY<br/>Type: Business Member"
Threshold Acoustics,Business Member,41.8775238,-87.6295464,"<strong>Threshold Acoustics</strong><br/>Chicago, IL<br/>Type: Business Member"
Vocal Artists Management,Business Member,37.8655663,-122.066699,"<strong>Vocal Artists Management</strong><br/>Walnut Creek, CA<br/>Type: Business Member"
Randsman Artists' Management,Business Member,40.7590982,-73.9928647,"<strong>Randsman Artists' Management</strong><br/>New York, NY<br/>Type: Business Member"
Biaggi Arts Consulting,Business Member,42.65201208827109,-73.75240655764088,"<strong>Biaggi Arts Consulting</strong><br/>Albany, NY<br/>Type: Business Member"
Tribeca Music,Business Member,40.7127281,-74.0060152,"<strong>Tribeca Music</strong><br/>New York, NY<br/>Type: Business Member"
tonebase,Business Member,34.1476507,-118.144155,"<strong>tonebase</strong><br/>Pasadena, CA<br/>Type: Business Member"
IPA Source LLC,Business Member,38.7345374,-82.9962742,"<strong>IPA Source LLC</strong><br/>Portsmouth, OH<br/>Type: Business Member"
Piano Lessons NYC,Business Member,40.7127281,-74.0060152,"<strong>Piano Lessons NYC</strong><br/>New York, NY<br/>Type: Business Member"
West Amadeus Music Studio,Business Member,40.7127281,-74.0060152,"<strong>West Amadeus Music Studio</strong><br/>New York, NY<br/>Type: Business Member"
Dolce Cultural Tours,Business Member,40.7127281,-74.0060152,"<strong>Dolce Cultural Tours</strong><br/>New York, NY<br/>Type: Business Member"
Altman Artists,Business Member,39.9527237,-75.1635262,"<strong>Altman Artists</strong><br/>Philadelphia, PA<br/>Type: Business Member"
Arabella Arts LLC,Business Member,40.7127281,-74.0060152,"<strong>Arabella Arts LLC</strong><br/>New York, NY<br/>Type: Business Member"
CLA,Business Member,44.9772995,-93.2654692,"<strong>CLA</strong><br/>Minneapolis, MN<br/>Type: Business Member"
Casta Diva Stitch to Stage,Business Member,28.4635266,-82.5363557,"<strong>Casta Diva Stitch to Stage</strong><br/>Spring Hill, FL<br/>Type: Business Member"
New Classical Artist Management,Business Member,43.104228,-77.884454,"<strong>New Classical Artist Management</strong><br/>Churchville, NY<br/>Type: Business Member"
Xinsheng Chinese Choir,Business Member,40.7455316,-73.9484995,"<strong>Xinsheng Chinese Choir</strong><br/>Long Island City, NY<br/>Type: Business Member"
Èvois Management,Business Member,40.7127281,-74.0060152,"<strong>Èvois Management</strong><br/>New York, NY<br/>Type: Business Member"
Subito Music Corporation,Business Member,40.8370412,-74.2530089,"<strong>Subito Music Corporation</strong><br/>Verona, NJ<br/>Type: Business Member"
Creative Evolutions,Business Member,41.9081736,-87.7784662999999,"<strong>Creative Evolutions</strong><br/>Oak Park, IL<br/>Type: Business Member"
Stephens Nicolson Artists Management,Business Member,40.78131736539502,-73.97645442880886,"<strong>Stephens Nicolson Artists Management</strong><br/>New York, NY<br/>Type: Business Member"
Global Musicians and Arts Association,Business Member,40.4978597,-74.4098345,"<strong>Global Musicians and Arts Association</strong><br/>Edison, NJ<br/>Type: Business Member"
AMT Public Relations,Business Member,40.7715364,-73.9513202999999,"<strong>AMT Public Relations</strong><br/>New York, NY<br/>Type: Business Member"
Schott Music Group,Business Member,40.74018056745231,-73.99119463201772,"<strong>Schott Music Group</strong><br/>New York, NY<br/>Type: Business Member"
University of Illinois Library,Career Services Member,40.1117174,-88.207301,"<strong>University of Illinois Library</strong><br/>Urbana, IL<br/>Type: Career Services Member"
Baylor University | University Libraries,Career Services Member,31.544485,-97.122383,"<strong>Baylor University | University Libraries</strong><br/>Waco, TX<br/>Type: Career Services Member"
University of the South | duPont Library,Career Services Member,35.204478,-85.9177754999999,"<strong>University of the South | duPont Library</strong><br/>Sewanee, TN<br/>Type: Career Services Member"
University of Cincinnati Libraries,Career Services Member,39.166759,-84.53822,"<strong>University of Cincinnati Libraries</strong><br/>Cincinnati, OH<br/>Type: Career Services Member"
Indiana University Library,Career Services Member,39.1710401,-86.5168956,"<strong>Indiana University Library</strong><br/>Bloomington, IN<br/>Type: Career Services Member"
Los Angeles Public Library,Career Services Member,34.0506708,-118.2551963,"<strong>Los Angeles Public Library</strong><br/>Los Angeles, CA<br/>Type: Career Services Member"
New England Conservatory Blumenthal Family Library,Career Services Member,42.3408342,-71.0861831,"<strong>New England Conservatory Blumenthal Family Library</strong><br/>Boston, MA<br/>Type: Career Services Member"
The New School | Libraries & Archives,Career Services Member,40.7464969,-74.0094471,"<strong>The New School | Libraries & Archives</strong><br/>New York, NY<br/>Type: Career Services Member"
Oakland University Kresge Library,Career Services Member,42.6509755,-83.1756188,"<strong>Oakland University Kresge Library</strong><br/>Rochester, MI<br/>Type: Career Services Member"
Payson Library - Pepperdine University,Career Services Member,34.0390053,-118.7057065,"<strong>Payson Library - Pepperdine University</strong><br/>Malibu, CA<br/>Type: Career Services Member"
Peter Jay Sharp Library - Manhattan School of Music,Career Services Member,40.8123903,-73.9614817,"<strong>Peter Jay Sharp Library - Manhattan School of Music</strong><br/>New York, NY<br/>Type: Career Services Member"
San Francisco Conservatory of Music Library,Career Services Member,37.7755593,-122.4203844,"<strong>San Francisco Conservatory of Music Library</strong><br/>San Francisco, CA<br/>Type: Career Services Member"
Southern Methodist University - Hamon Arts Library,Career Services Member,32.8410948,-96.7861547,"<strong>Southern Methodist University - Hamon Arts Library</strong><br/>Dallas, TX<br/>Type: Career Services Member"
University of Kansas Library - Watson Library,Career Services Member,38.9499492,-95.2658318,"<strong>University of Kansas Library - Watson Library</strong><br/>Lawrence, KS<br/>Type: Career Services Member"
University of Miami - Marta & Austin Weeks Music Library,Career Services Member,25.75,-80.26,"<strong>University of Miami - Marta & Austin Weeks Music Library</strong><br/>Coral Gables, FL<br/>Type: Career Services Member"
University of Montana Mansfield Library,Career Services Member,46.8605765,-113.982128,"<strong>University of Montana Mansfield Library</strong><br/>Missoula, MT<br/>Type: Career Services Member"
University of North Carolina School of the Arts | Semans Library,Career Services Member,36.0765305,-80.2373708,"<strong>University of North Carolina School of the Arts | Semans Library</strong><br/>Winston-Salem, NC<br/>Type: Career Services Member"
Washington University Olin Library,Career Services Member,38.6480589,-90.3039588,"<strong>Washington University Olin Library</strong><br/>St. Louis, MO<br/>Type: Career Services Member"
Baldwin Wallace University,Career Services Member,41.3683839,-81.8447498,"<strong>Baldwin Wallace University</strong><br/>Berea, OH<br/>Type: Career Services Member"
California State University Northridge,Career Services Member,34.2373873,-118.5281649,"<strong>California State University Northridge</strong><br/>Northridge, CA<br/>Type: Career Services Member"
Carnegie Library of Pittsburgh,Career Services Member,40.4431957,-79.949915,"<strong>Carnegie Library of Pittsburgh</strong><br/>Pittsburgh, PA<br/>Type: Career Services Member"
Eastman School of Music - Sibley Music Library,Career Services Member,43.1578093,-77.6010301,"<strong>Eastman School of Music - Sibley Music Library</strong><br/>Rochester, NY<br/>Type: Career Services Member"
Florida International University Library,Career Services Member,25.7569899,-80.3796273,"<strong>Florida International University Library</strong><br/>Miami, FL<br/>Type: Career Services Member"
Friedheim Library Peabody Institute,Career Services Member,39.2971828,-76.6152034,"<strong>Friedheim Library Peabody Institute</strong><br/>Baltimore, MD<br/>Type: Career Services Member"
Green Library - Stanford University,Career Services Member,37.4135757,-122.1689284,"<strong>Green Library - Stanford University</strong><br/>Stanford, CA<br/>Type: Career Services Member"
Harvard University - Eda Kuhn Loeb Music Library,Career Services Member,42.3800977,-71.1166286,"<strong>Harvard University - Eda Kuhn Loeb Music Library</strong><br/>Cambridge, MA<br/>Type: Career Services Member"
Hennepin County Library,Career Services Member,44.9646276,-93.4400855,"<strong>Hennepin County Library</strong><br/>Minnetonka, MN<br/>Type: Career Services Member"
Music Academy of the West,Educational Producing Associate,34.420342,-119.649511,"<strong>Music Academy of the West</strong><br/>Santa Barbara, CA<br/>Type: Educational Producing Associate"
Opera in the Ozarks,Educational Producing Associate,36.4011825,-93.7379711,"<strong>Opera in the Ozarks</strong><br/>Eureka Springs, AR<br/>Type: Educational Producing Associate"
Jackson State University,Educational Producing Associate,32.2974836,-90.205671,"<strong>Jackson State University</strong><br/>Jackson, MS<br/>Type: Educational Producing Associate"
Hunter College Department of Music,Educational Producing Associate,40.7645239,-73.9624327,"<strong>Hunter College Department of Music</strong><br/>New York, NY<br/>Type: Educational Producing Associate"
Rider University Westminster Choir College,Educational Producing Associate,40.3567352,-74.6536573,"<strong>Rider University Westminster Choir College</strong><br/>Princeton, NJ<br/>Type: Educational Producing Associate"
Academy of Vocal Arts,Educational Producing Associate,39.9478133,-75.1737665,"<strong>Academy of Vocal Arts</strong><br/>Philadelphia, PA<br/>Type: Educational Producing Associate"
Curtis Institute of Music,Educational Producing Associate,39.9487641,-75.1704439,"<strong>Curtis Institute of Music</strong><br/>Philadelphia, PA<br/>Type: Educational Producing Associate"
Eastman School of Music,Educational Producing Associate,43.1578093,-77.6010301,"<strong>Eastman School of Music</strong><br/>Rochester, NY<br/>Type: Educational Producing Associate"
Florida State University,Educational Producing Associate,30.4429254,-84.2914835,"<strong>Florida State University</strong><br/>Tallahassee, FL<br/>Type: Educational Producing Associate"
Frost School of Music,Educational Producing Associate,25.7187893,-80.2803368,"<strong>Frost School of Music</strong><br/>Coral Gables, FL<br/>Type: Educational Producing Associate"
In The Pocket NYC,Educational Producing Associate,40.75912,-73.99251,"<strong>In The Pocket NYC</strong><br/>New York, NY<br/>Type: Educational Producing Associate"
Juilliard School,Educational Producing Associate,40.7711403,-73.984564,"<strong>Juilliard School</strong><br/>New York, NY<br/>Type: Educational Producing Associate"
Manhattan School of Music,Educational Producing Associate,40.7127281,-74.0060152,"<strong>Manhattan School of Music</strong><br/>New York, NY<br/>Type: Educational Producing Associate"
Oklahoma State University,Educational Producing Associate,36.119648,-97.067193,"<strong>Oklahoma State University</strong><br/>Stillwater, OK<br/>Type: Educational Producing Associate"
Rice University,Educational Producing Associate,29.7,-95.54,"<strong>Rice University</strong><br/>Houston, TX<br/>Type: Educational Producing Associate"
The New School - Mannes School of Music,Educational Producing Associate,40.7728753,-73.9812519,"<strong>The New School - Mannes School of Music</strong><br/>New York, NY<br/>Type: Educational Producing Associate"
University of Alabama | School of Music,Educational Producing Associate,33.207199,-87.5482025,"<strong>University of Alabama | School of Music</strong><br/>Tuscaloosa, AL<br/>Type: Educational Producing Associate"
University of Cincinnati College Conservatory of Music,Educational Producing Associate,39.1331454,-84.509213,"<strong>University of Cincinnati College Conservatory of Music</strong><br/>Cincinnati, OH<br/>Type: Educational Producing Associate"
University of Colorado Boulder,Educational Producing Associate,40.0103247,-105.2889726,"<strong>University of Colorado Boulder</strong><br/>Boulder, CO<br/>Type: Educational Producing Associate"
University of Houston,Educational Producing Associate,29.7186463,-95.3397986,"<strong>University of Houston</strong><br/>Houston, TX<br/>Type: Educational Producing Associate"
University of Maryland,Educational Producing Associate,38.9909042,-76.9505272,"<strong>University of Maryland</strong><br/>College Park, MD<br/>Type: Educational Producing Associate"
University of Minnesota,Educational Producing Associate,44.9741561,-93.2342,"<strong>University of Minnesota</strong><br/>Minneapolis, MN<br/>Type: Educational Producing Associate"
University of North Carolina at Greensboro,Educational Producing Associate,36.0729697,-79.8079721,"<strong>University of North Carolina at Greensboro</strong><br/>Greensboro, NC<br/>Type: Educational Producing Associate"
University of South Carolina,Educational Producing Associate,33.9954234,-81.0329671,"<strong>University of South Carolina</strong><br/>Columbia, SC<br/>Type: Educational Producing Associate"
University of the Pacific,Educational Producing Associate,37.9800547,-121.3124185,"<strong>University of the Pacific</strong><br/>Stockton, CA<br/>Type: Educational Producing Associate"
University of Utah,Educational Producing Associate,40.7652201,-111.8419536,"<strong>University of Utah</strong><br/>Salt Lake City, UT<br/>Type: Educational Producing Associate"
Aspen Music Festival and School,Educational Producing Associate,39.1796083,-106.8384851,"<strong>Aspen Music Festival and School</strong><br/>Aspen, CO<br/>Type: Educational Producing Associate"
Lyric Theatre at Illinois,Educational Producing Associate,40.106478,-88.2230311,"<strong>Lyric Theatre at Illinois</strong><br/>Urbana, IL<br/>Type: Educational Producing Associate"
Indiana University Opera and Ballet Theater,Educational Producing Associate,39.1670396,-86.5342881,"<strong>Indiana University Opera and Ballet Theater</strong><br/>Bloomington, IN<br/>Type: Educational Producing Associate"
NYU TSOA Graduate Musical Theatre Writing Program,Educational Producing Associate,40.7292511,-73.9939103,"<strong>NYU TSOA Graduate Musical Theatre Writing Program</strong><br/>New York, NY<br/>Type: Educational Producing Associate"
Bard College Conservatory of Music,Educational Producing Associate,42.0203839,-73.910016100000007,"<strong>Bard College Conservatory of Music</strong><br/>Annandale-on-Hudson, NY<br/>Type: Educational Producing Associate"
Carnegie Mellon University School of Music,Educational Producing Associate,40.444213,-79.943399,"<strong>Carnegie Mellon University School of Music</strong><br/>Pittsburgh, PA<br/>Type: Educational Producing Associate"
Peabody Opera at Johns Hopkins University,Educational Producing Associate,39.2971828,-76.6152034,"<strong>Peabody Opera at Johns Hopkins University</strong><br/>Baltimore, MD<br/>Type: Educational Producing Associate"
Merola Opera Program,Educational Producing Associate,37.781685901778715,-122.4209392186476,"<strong>Merola Opera Program</strong><br/>San Francisco, CA<br/>Type: Educational Producing Associate"
Montclair State University,Educational Producing Associate,40.857718,-74.202475,"<strong>Montclair State University</strong><br/>Montclair, NJ<br/>Type: Educational Producing Associate"
Nazareth University,Educational Producing Associate,43.101447,-77.5169235,"<strong>Nazareth University</strong><br/>Rochester, NY<br/>Type: Educational Producing Associate"
Arizona State University School of Music - Music Theatre and Opera,Educational Producing Associate,33.4182251,-111.938733,"<strong>Arizona State University School of Music - Music Theatre and Opera</strong><br/>Tempe, AZ<br/>Type: Educational Producing Associate"
Norfolk State University,Educational Producing Associate,36.8477502,-76.2673329,"<strong>Norfolk State University</strong><br/>Norfolk, VA<br/>Type: Educational Producing Associate"
Boston Conservatory at Berklee,Educational Producing Associate,42.3461457,-71.0899514,"<strong>Boston Conservatory at Berklee</strong><br/>Boston, MA<br/>Type: Educational Producing Associate"
Northern Arizona University | School of Music,Educational Producing Associate,35.1987522,-111.651822,"<strong>Northern Arizona University | School of Music</strong><br/>Flagstaff, AZ<br/>Type: Educational Producing Associate"
Classical Voice Conservatory - Orange County School of the Arts,Educational Producing Associate,33.7494951,-117.873221,"<strong>Classical Voice Conservatory - Orange County School of the Arts</strong><br/>Santa Ana, CA<br/>Type: Educational Producing Associate"
Binghamton University,Educational Producing Associate,42.098698,-75.9125187,"<strong>Binghamton University</strong><br/>Binghamton, NY<br/>Type: Educational Producing Associate"
The New School - Mannes School of Music,Educational Producing Associate,40.73665715395246,-73.99662643201782,"<strong>The New School - Mannes School of Music</strong><br/>New York, NY<br/>Type: Educational Producing Associate"
UC Irvine Music Department,Educational Producing Associate,33.6495064278588,-117.844412719142,"<strong>UC Irvine Music Department</strong><br/>Irvine, CA<br/>Type: Educational Producing Associate"
Amphion Foundation,Foundation-Nonmember,40.7499055,-73.9943711,"<strong>Amphion Foundation</strong><br/>New York, NY<br/>Type: Foundation-Nonmember"
National Endowment for the Arts,Foundation-Nonmember,38.8848395,-77.0219815,"<strong>National Endowment for the Arts</strong><br/>Washington, DC<br/>Type: Foundation-Nonmember"
Dr. M. Lee Pearce Foundation,Foundation-Nonmember,25.7929198,-80.1353006,"<strong>Dr. M. Lee Pearce Foundation</strong><br/>Miami Beach, FL<br/>Type: Foundation-Nonmember"
