"Company","City","State","County","Latitude","Longitude","Q4.2025.Median.Home.Price","Population"
"Voya ","New York","New York","New York",40.7127753,-74.0059728,1172110,"20,201,249"
"Adobe","San Jose","California","Santa Clara",37.3382082,-121.8863286,1558540,"39,538,223"
"Walt Disney","Burbank","California","Los Angeles",34.1808392,-118.3089661,883230,"39,538,223"
"Glenworth Financial","Richmond","Virginia",NA,37.5407246,-77.4360481,NA,"8,631,393"
"Expeditors","Seattle","Washington","King",47.605838,-122.334683,903970,"7,705,281"
"Dana Incorporated",NA,"Ohio","Lucas",41.574963,-83.6842561,182700,"11,799,448"
"Jefferies Financial Group","New York","New York","New York",40.760264,-73.9745164,1172110,"20,201,249"
"Wesco International Inc","Pittsburgh","Pennsylvania","Allegheny",40.4337234,-80.0057853,254090,"13,002,700"
"Huntington Ingalls Industries","Newport News","Virginia",NA,36.9882362,-76.4371783,NA,"8,631,393"
"Amphenol",NA,"Connecticut","South Central Connecticut Planning Region",41.4570108,-72.8230736,NA,"3,605,944"
"United Rentals","Stamford","Connecticut","Western Connecticut Planning Region",41.0406771,-73.5572187,NA,"3,605,944"
"Assurant","New York","New York","New York",40.7077916,-74.0089405,1172110,"20,201,249"
"Alaska Air Group","Seattle","Washington","King",47.6062095,-122.3320708,903970,"7,705,281"
"SpartanNash Company","Byron Township","Michigan","Kent",42.825551,-85.684614,343290,"10,077,331"
"Darden Restaurants",NA,"Florida","Orange",28.4180207,-81.4248443,431320,"21,538,187"
"THOR INDUSTRIES","Elkhart","Indiana","Elkhart",41.6819935,-85.9766671,251910,"6,785,528"
"EMCOR Norwalk","Norwalk","Connecticut","Western Connecticut Planning Region",41.1493739,-73.4269254,NA,"3,605,944"
"Masco Corp",NA,"Michigan","Wayne",42.36837,-83.3527097,206910,"10,077,331"
"Caesars Entertainment","Las Vegas","Nevada","Clark",36.1165658,-115.1752403,457490,"3,104,614"
"JetBlue Airways Corporation","New York","New York","Queens",40.7509337,-73.9385978,763630,"20,201,249"
"WEC Energy Group","Milwaukee","Wisconsin","Milwaukee",43.0370226,-87.9138533,270080,"5,893,718"
"W. R. Berkley Corporation",NA,"Connecticut","Western Connecticut Planning Region",41.018681,-73.6223224,NA,"3,605,944"
"EnLink Midstream","Dallas","Texas","Dallas",32.7920752,-96.7951114,329370,"29,145,505"
"Anixter Glenview",NA,"Illinois","Cook",42.0974698,-87.8239375,357630,"12,812,508"
"Osh Kosh","Oshkosh","Wisconsin","Winnebago",44.0247062,-88.5426136,268680,"5,893,718"
"Builders FirstSource","Dallas","Texas","Dallas",32.78536,-96.796337,329370,"29,145,505"
"Ryder System","Miami","Florida","Miami-Dade",25.7616798,-80.1917902,555610,"21,538,187"
"Dean Foods Company","Dallas","Texas","Dallas",32.8055096,-96.7923794,329370,"29,145,505"
"PPL","Allentown","Pennsylvania","Lehigh",40.6081366,-75.5704494,354850,"13,002,700"
"Yum China Holdings","Plano","Texas","Collin",33.0198431,-96.6988856,541940,"29,145,505"
"Hershey","Derry Township","Pennsylvania","Dauphin",40.2859239,-76.6502468,275820,"13,002,700"
"Alliance Data Systems","Plano","Texas","Collin",33.0198431,-96.6988856,541940,"29,145,505"
"Berry Global","Evansville","Indiana","Vanderburgh",37.9789909,-87.5726435,218440,"6,785,528"
"Fidelity National Information Services","Jacksonville","Florida","Duval",30.3321838,-81.655651,339790,"21,538,187"
"Tractor Supply Company  Brentwood",NA,"Tennessee","Williamson",36.0322969,-86.8128372,888220,"6,910,840"
"Zimmer Biomet Warsaw",NA,"Indiana","Kosciusko",41.2405012,-85.8838898,269650,"6,785,528"
"Conagra Brands","Chicago","Illinois","Cook",41.8781136,-87.6297982,357630,"12,812,508"
"Foot Locker","New York","New York","New York",40.7551834,-73.9863177,1172110,"20,201,249"
"Dick’s Sporting Goods",NA,"Pennsylvania","Allegheny",40.5184013,-80.1667247,254090,"13,002,700"
"Fifth Third Bank","Cincinnati","Ohio","Hamilton",39.1669811,-84.4114303,283180,"11,799,448"
"Eversource",NA,"Massachusetts","Norfolk",42.2029952,-71.1596834,754290,"7,029,917"
"Cheniere Energy Inc","Houston","Texas","Harris",29.7601536,-95.3653756,306470,"29,145,505"
"National Oilwell Varco",NA,"Texas","Williamson",30.4899915,-97.8276561,466650,"29,145,505"
"Auto-Owners Insurance","Lansing","Michigan","Eaton",42.7218607,-84.6384575,251950,"10,077,331"
"Erie Insurance Arena","Erie","Pennsylvania","Erie",42.1280011,-80.0808889,218730,"13,002,700"
"Jones Financial (Edward Jones)",NA,"Missouri","St. Louis",38.6008862,-90.4328968,312860,"6,154,913"
"Liberty Media Corporation",NA,"Colorado","Douglas",39.553121,-104.846177,748570,"5,773,714"
"Frontier Communications","Norwalk","Connecticut","Western Connecticut Planning Region",41.117744,-73.4081575,NA,"3,605,944"
"Levi's Store","San Francisco","California",NA,37.7852456,-122.4061345,NA,"39,538,223"
"J.B. Hunt Transport Services",NA,"Arkansas","Benton",36.2447313,-94.1494438,403390,"3,011,524"
"Peabody Energy","Saint Louis","Missouri",NA,38.626689,-90.1925651,NA,"6,154,913"
"Western Union","Denver","Colorado",NA,39.7402176,-104.9759495,NA,"5,773,714"
"UNIVAR",NA,"Illinois","DuPage",41.8089191,-88.0111746,435690,"12,812,508"
"WESTLAKE CHEMICAL","Houston","Texas","Harris",29.7604267,-95.3698028,306470,"29,145,505"
"Thrivent Financial for Lutherans","Minneapolis","Minnesota","Hennepin",44.977753,-93.2650108,407520,"5,706,494"
"Rockwell Collins","West Palm Beach","Florida","Palm Beach",26.7153424,-80.0533746,521590,"21,538,187"
"Campbell Soup Company","Camden","New Jersey","Camden",39.9390315,-75.1080212,352080,"9,288,994"
"WILLIAMS","Tulsa","Oklahoma","Tulsa",36.1539816,-95.992775,268610,"3,959,353"
"Veritiv Corporation",NA,"Georgia","Gwinnett",33.929775,-84.2512483,433860,"10,711,908"
"GameStop",NA,"Texas","Tarrant",32.9342919,-97.0780654,350700,"29,145,505"
"Navient","Wilmington","Delaware","New Castle",39.7382681,-75.559152,391290,"989,948"
"Simon Property Group","Indianapolis","Indiana","Marion",39.7669989,-86.1621681,250140,"6,785,528"
"Williams-Sonoma","San Francisco","California",NA,37.7886383,-122.4074984,NA,"39,538,223"
"Yum Brands","Louisville","Kentucky","Jefferson",38.2526647,-85.7584557,266760,"4,505,836"
"Windstream Holdings Little Rock","Little Rock","Arkansas","Pulaski",34.7464809,-92.2895948,243290,"3,011,524"
"Hilton Worldwide Holdings",NA,"Virginia","Fairfax",38.9338676,-77.1772604,782680,"8,631,393"
"Harley-Davidson Museum","Milwaukee","Wisconsin","Milwaukee",43.0316706,-87.9165244,270080,"5,893,718"
"First American Financial","Santa Ana","California","Orange",33.702007,-117.860141,1057230,"39,538,223"
"Air Products & Chemicals","Allentown","Pennsylvania","Lehigh",40.6022939,-75.4714098,354850,"13,002,700"
"TreeHouse Foods",NA,"Illinois","DuPage",41.8494532,-87.9473067,435690,"12,812,508"
"Fiserv",NA,"Wisconsin","Waukesha",43.0338095,-88.1409438,461590,"5,893,718"
"Zoetis Inc.",NA,"New Jersey","Morris",40.8470715,-74.4447772,677650,"9,288,994"
"Brighthouse Financial","Charlotte","North Carolina","Mecklenburg",35.2270869,-80.8431267,471910,"10,439,388"
"Ingredion",NA,"Illinois","Cook",41.8453955,-87.9052856,357630,"12,812,508"
"ON Semiconductor","Phoenix","Arizona","Maricopa",33.4636186,-111.9701255,488740,"7,151,502"
"","New York","New York","New York",40.7127753,-74.0059728,1172110,"20,201,249"
"Tapestry","New York","New York","New York",40.7127753,-74.0059728,1172110,"20,201,249"
"Peter Kiewit Sons’","Omaha","Nebraska","Douglas",41.2565369,-95.9345034,300310,"1,961,504"
"NetApp","Sunnyvale","California","Santa Clara",37.4149198,-122.0095976,1558540,"39,538,223"
"Intuit","Mountain View","California","Santa Clara",37.4283625,-122.097623,1558540,"39,538,223"
"Old Republic International Corporation","Chicago","Illinois","Cook",41.887068,-87.6241579,357630,"12,812,508"
"Graphic Packaging International","Augusta","Georgia","Richmond",33.327532,-81.954097,213950,"10,711,908"
"AVIS",NA,"New Jersey","Morris",40.867239,-74.4229417,677650,"9,288,994"
"Vistra/TXU Energy Corporate Office","Irving","Texas","Dallas",32.898375,-96.9642376,329370,"29,145,505"
"Hd Supply Holdings Inc","Atlanta","Georgia","Cobb",33.8772177,-84.4728859,464530,"10,711,908"
"Realogy Holdings Corp.",NA,"New Jersey","Morris",40.7716197,-74.4231855,677650,"9,288,994"
"Clorox Co","Oakland","California","Alameda",37.8035821,-122.2721165,1108180,"39,538,223"
"Polaris Industries Inc",NA,"Minnesota","Hennepin",45.057507,-93.5765367,407520,"5,706,494"
"Booz Allen Hamilton Inc",NA,"Virginia","Fairfax",38.9218202,-77.2319233,782680,"8,631,393"
"L3Harris Technologies: Communication Systems-West","Salt Lake City","Utah","Salt Lake",40.7835097,-111.9527848,599530,"3,271,616"
"Ralph Lauren New York","New York","New York","New York",40.7715155,-73.9653656,1172110,"20,201,249"
"Analog Devices",NA,"Massachusetts","Norfolk",42.2104866,-71.1806236,754290,"7,029,917"
"Post Holdings Inc",NA,"Missouri","St. Louis",38.6165266,-90.334968,312860,"6,154,913"
"S and P Global","New York","New York","New York",40.7499719,-73.9921676,1172110,"20,201,249"
"Intercontinental Exchange","Atlanta","Georgia","Fulton",33.9088822,-84.4307488,514220,"10,711,908"
"Ameren Corporation","Saint Louis","Missouri",NA,38.6224443,-90.2095588,NA,"6,154,913"
"Franklin Templeton Investments","San Mateo","California","San Mateo",37.5437749,-122.2942274,1601600,"39,538,223"
"iHeartMedia San Antonio","San Antonio","Texas","Bexar",29.6476256,-98.4542381,289900,"29,145,505"
"NCR Global","Atlanta","Georgia","Fulton",33.7791502,-84.3896015,514220,"10,711,908"
"Beacon Roofing Supply Inc",NA,"Virginia","Fairfax",38.9634821,-77.3815185,782680,"8,631,393"
"ABM Industries","New York","New York","New York",40.7127753,-74.0059728,1172110,"20,201,249"
"Mutual of Omaha® Insurance Co.","Omaha","Nebraska","Douglas",41.2585024,-95.962269,300310,"1,961,504"
"M&T Bank Buffalo","Buffalo","New York","Erie",43.0270869,-78.8004483,277470,"20,201,249"
"HESS New York","New York","New York","New York",40.7127753,-74.0059728,1172110,"20,201,249"
"Advanced Micro Devices","Santa Clara","California","Santa Clara",37.3829254,-121.9703842,1558540,"39,538,223"
"AGCO",NA,"Georgia","Gwinnett",34.0028786,-84.1446376,433860,"10,711,908"
"Cintas Center","Cincinnati","Ohio","Hamilton",39.1503616,-84.4718415,283180,"11,799,448"
"Dillard's","Little Rock","Arkansas","Pulaski",34.7534674,-92.3418963,243290,"3,011,524"
"COTY","New York","New York","New York",40.7127753,-74.0059728,1172110,"20,201,249"
"Ascena Retail Group Inc (ASNA)",NA,"New Jersey","Bergen",41.0738813,-74.171283,694830,"9,288,994"
"Pioneer Natural Resources Company","Irving","Texas","Dallas",32.8712639,-96.9388561,329370,"29,145,505"
"Marathon Oil","Houston","Texas","Harris",29.7493564,-95.4715705,306470,"29,145,505"
"First Data","New York","New York","New York",40.7127753,-74.0059728,1172110,"20,201,249"
"Seaboard Corporation Shawnee Mission",NA,"Kansas","Johnson",39.0081599,-94.690957,452240,"2,937,880"
"Hertz Global Holdings",NA,"Florida","Lee",26.438136,-81.8067523,377990,"21,538,187"
"Chemours","Wilmington","Delaware","New Castle",39.744655,-75.5483909,391290,"989,948"
"Northern Trust","Chicago","Illinois","Cook",41.8815778,-87.6325811,357630,"12,812,508"
"Calpine","Houston","Texas","Harris",29.7604267,-95.3698028,306470,"29,145,505"
"Rockwell Automation","Milwaukee","Wisconsin","Milwaukee",43.0185625,-87.9133706,270080,"5,893,718"
"O'Reilly Auto Parts Distribution Center",NA,"Minnesota","Hennepin",45.0748278,-93.3737396,407520,"5,706,494"
"Burlington Stores",NA,"New Jersey","Burlington",40.071222,-74.8648873,403170,"9,288,994"
"Hormel Foods",NA,"Minnesota","Mower",43.6666296,-92.9746367,194110,"5,706,494"
"Altice USA",NA,"New York","Suffolk",40.789142,-73.134961,663980,"20,201,249"
"Regeneron Pharmaceuticals",NA,"New York","Westchester",41.0767773,-73.8263889,732670,"20,201,249"
"Ulta Beauty",NA,"Illinois","Will",41.6986416,-88.0683955,362310,"12,812,508"
"Advance Auto Parts","Raleigh","North Carolina","Wake",35.7795897,-78.6381787,527840,"10,439,388"
"Wynn Resorts","Las Vegas","Nevada","Clark",36.1265953,-115.1653652,457490,"3,104,614"
"Regions Financial","Birmingham","Alabama","Jefferson",33.5185892,-86.8103567,270680,"5,024,279"
"Mosaic",NA,"Minnesota","Hennepin",45.0105194,-93.4555093,407520,"5,706,494"
"Wayfair","Boston","Massachusetts","Suffolk",42.347118,-71.078357,739680,"7,029,917"
"RR Donnelley and Sons","Chicago","Illinois","Cook",41.8781136,-87.6297982,357630,"12,812,508"
"PVH","New York","New York","New York",40.7127753,-74.0059728,1172110,"20,201,249"
"Hanesbrands","Winston-Salem","North Carolina","Forsyth",36.0911416,-80.2851295,302120,"10,439,388"
"Public Service Enterprise Group","Newark","New Jersey","Essex",40.7370367,-74.1680642,612980,"9,288,994"
"AK Steel Holding",NA,"Ohio","Tuscarawas",40.2339147,-81.3445012,217140,"11,799,448"
"Interpublic Group of Companies","New York","New York","New York",40.7583114,-73.9679267,1172110,"20,201,249"
"","New York","New York","New York",40.7581073,-73.9726262,1172110,"20,201,249"
"Markel Corporation",NA,"Virginia","Henrico",37.661594,-77.576847,400330,"8,631,393"
"Autoliv Americas",NA,"Michigan","Oakland",42.6944224,-83.274261,388210,"10,077,331"
"CMS Energy","Jackson","Michigan","Jackson",42.2466617,-84.4022463,222630,"10,077,331"
"Asbury Automotive Group",NA,"Georgia","Gwinnett",34.0051075,-84.0933453,433860,"10,711,908"
"DCP Midstream Partners LP","Denver","Colorado",NA,39.743468,-104.9885753,NA,"5,773,714"
"Owens-Illinois",NA,"Ohio","Wood",41.5285372,-83.6479919,254870,"11,799,448"
"Alleghany Corporation","New York","New York","New York",40.7542881,-73.9876105,1172110,"20,201,249"
"Boston Scientific Corporation","Marlborough","Massachusetts","Middlesex",42.3611457,-71.5615488,793120,"7,029,917"
"MasTec Network Solutions",NA,"Florida","Miami-Dade",25.7632876,-80.2567796,555610,"21,538,187"
"Xerox","Norwalk","Connecticut","Western Connecticut Planning Region",41.117744,-73.4081575,NA,"3,605,944"
"Arthur Gallagher Rolling Meadows",NA,"Illinois","Cook",42.0535852,-88.0168425,357630,"12,812,508"
"Olin Corporation",NA,"Missouri","St. Louis",38.6482951,-90.333205,312860,"6,154,913"
"Owens & Minor",NA,"Virginia","Hanover",37.6087561,-77.3733139,442590,"8,631,393"
"Travelcenters of America",NA,"Ohio","Cuyahoga",41.4553232,-81.9179173,225250,"11,799,448"
"Sonic Automotive","Charlotte","North Carolina","Mecklenburg",35.1767046,-80.7969848,471910,"10,439,388"
"Packaging Corp of America",NA,"Illinois","Lake",42.2586342,-87.840625,392350,"12,812,508"
"Mohawk Industries",NA,"Georgia","Gordon",34.502587,-84.9510542,231830,"10,711,908"
"Owens Corning","Toledo","Ohio","Lucas",41.6461679,-83.5342454,182700,"11,799,448"
"Republic Services","Phoenix","Arizona","Maricopa",33.4483771,-112.0740373,488740,"7,151,502"
"Insight Enterprises","Tempe","Arizona","Maricopa",33.3422522,-111.9527302,488740,"7,151,502"
"Sanmina Corporation","San Jose","California","Santa Clara",37.390754,-121.930046,1558540,"39,538,223"
"Toll Brothers","Horsham Township","Pennsylvania","Montgomery",40.1784422,-75.1285061,485590,"13,002,700"
"Eastman Chemical","Kingsport","Tennessee","Sullivan",36.548434,-82.5618186,269950,"6,910,840"
"American Financial Group","Cincinnati","Ohio","Hamilton",39.1031182,-84.5120196,283180,"11,799,448"
"PulteGroup","Atlanta","Georgia","Fulton",33.7489954,-84.3879824,514220,"10,711,908"
"Celanese Corporation","Irving","Texas","Dallas",32.871208,-96.943557,329370,"29,145,505"
"Avery Dennison","Glendale","California","Los Angeles",34.1425078,-118.255075,883230,"39,538,223"
"Leidos Holdings","Richmond","Virginia",NA,37.5407246,-77.4360481,NA,"8,631,393"
"NVR Inc","Reston","Virginia","Fairfax",38.9519446,-77.3502091,782680,"8,631,393"
"Graybar Electric Supply",NA,"Missouri","St. Louis",38.7082563,-90.3327602,312860,"6,154,913"
"Everett","Everett","Washington","Snohomish",47.9789848,-122.2020795,751400,"7,705,281"
"Western & Southern Financial Group Findlay","Findlay","Ohio","Hancock",41.0427625,-83.6288263,247240,"11,799,448"
"Spirit Aerosystems Holdings","Wichita","Kansas","Sedgwick",37.6871761,-97.330053,230800,"2,937,880"
"Newmont Goldcorp",NA,"Colorado","Arapahoe",39.6172101,-104.9508141,593960,"5,773,714"
"American Axle and Manufacturing","Detroit","Michigan","Wayne",42.331427,-83.0457538,206910,"10,077,331"
"Magellan Health","Scottsdale","Arizona","Maricopa",33.5084918,-111.9271907,488740,"7,151,502"
"Motorola Solutions Inc","Chicago","Illinois","Cook",41.8809559,-87.6406245,357630,"12,812,508"
"Citizens Financial Group","Providence","Rhode Island","Providence",41.827414,-71.410773,444090,"1,097,379"
"J M Smucker Co Store & Cafe",NA,"Ohio","Wayne",40.8027783,-81.7630265,266630,"11,799,448"
"Keycorp",NA,"Ohio","Cuyahoga",41.3853982,-81.441808,225250,"11,799,448"
"Dover Corporation",NA,"Illinois","DuPage",41.8332067,-88.0075585,435690,"12,812,508"
"Apache Corp","Houston","Texas","Harris",29.744689,-95.4616265,306470,"29,145,505"
"American Tower Corporation","Boston","Massachusetts","Suffolk",42.346449,-71.079981,739680,"7,029,917"
"Keurig Dr Pepper",NA,"Massachusetts","Middlesex",42.4817587,-71.2211466,793120,"7,029,917"
"Casey's General Stores Inc","Ankeny","Iowa","Polk",41.693711,-93.57317,288360,"3,190,369"
"Raymond James Financial","Saint Petersburg","Florida","Pinellas",27.8887405,-82.6669628,400470,"21,538,187"
"Weyerhaeuser Company Seattle","Seattle","Washington","King",47.6004408,-122.332628,903970,"7,705,281"
"Activision Blizzard","Santa Monica","California","Los Angeles",34.0198026,-118.4524457,883230,"39,538,223"
"Quest Diagnostics Corporate",NA,"New Jersey","Hudson",40.7878337,-74.0449297,610440,"9,288,994"
"Constellation Brands Inc",NA,"New York","Ontario",43.0284222,-77.4348227,273020,"20,201,249"
"Fidelity National Financial","Jacksonville","Florida","Duval",30.3181782,-81.6764314,339790,"21,538,187"
"A-Mark Previous Metals El Segundo",NA,"California","Los Angeles",33.9191799,-118.4164652,883230,"39,538,223"
"UGI Corporation","Upper Merion Township","Pennsylvania","Montgomery",40.0885417,-75.4070304,485590,"13,002,700"
"United Natural Foods","Providence","Rhode Island","Providence",41.8239891,-71.4128343,444090,"1,097,379"
"Chesapeake Energy","Oklahoma City","Oklahoma","Oklahoma",35.4675602,-97.5164276,250080,"3,959,353"
"Navistar International",NA,"Illinois","DuPage",41.801141,-88.0747875,435690,"12,812,508"
"Delek US Holdings",NA,"Tennessee","Williamson",36.0331164,-86.7827772,888220,"6,910,840"
"American Family Insurance Group","Madison","Wisconsin","Dane",43.0730517,-89.4012302,458010,"5,893,718"
"IQVIA Holdings","Durham","North Carolina","Durham",35.9940329,-78.898619,445390,"10,439,388"
"SunTrust Banks","Atlanta","Georgia","Fulton",33.7489954,-84.3879824,514220,"10,711,908"
"Ally Financial","Detroit","Michigan","Wayne",42.331427,-83.0457538,206910,"10,077,331"
"Targa Resources","Houston","Texas","Harris",29.7604267,-95.3698028,306470,"29,145,505"
"BorgWarner Propulsion Technical Center",NA,"Michigan","Oakland",42.6970837,-83.2535823,388210,"10,077,331"
"Silver Spring","Silver Spring","Maryland","Montgomery",38.9906657,-77.026088,680160,"6,177,224"
"CenterPoint Energy Plaza","Houston","Texas","Harris",29.7571169,-95.3679888,306470,"29,145,505"
"Pacific Life Insurance Co",NA,"California","Orange",33.6194334,-117.877543,1057230,"39,538,223"
"DEVON ENERGY","Oklahoma City","Oklahoma","Oklahoma",35.4675602,-97.5164276,250080,"3,959,353"
"AES","Arlington","Virginia","Arlington",38.8799697,-77.1067698,973410,"8,631,393"
"EBAY","San Jose","California","Santa Clara",37.3382082,-121.8863286,1558540,"39,538,223"
"Molson Coors Brewing","Denver","Colorado",NA,39.7392358,-104.990251,NA,"5,773,714"
"Universal Health Services","Upper Merion Township","Pennsylvania","Montgomery",40.1012856,-75.3835525,485590,"13,002,700"
"Live Nation Entertainment",NA,"California","Los Angeles",34.0736204,-118.4003563,883230,"39,538,223"
"NRG Energy","Princeton","New Jersey","Mercer",40.3572976,-74.6672226,461940,"9,288,994"
"L3 Technologies","New York","New York","New York",40.7492599,-73.975865,1172110,"20,201,249"
"Charles Schwab","San Francisco","California",NA,37.7906917,-122.3928271,NA,"39,538,223"
"Entergy","New Orleans","Louisiana","Orleans Parish",29.9510658,-90.0715323,NA,"4,657,757"
"Lam Research","Fremont","California","Alameda",37.5485396,-121.988583,1108180,"39,538,223"
"Baxter International",NA,"Illinois","Lake",42.1711365,-87.8445119,392350,"12,812,508"
"Office Depot","Boca Raton","Florida","Palm Beach",26.3683064,-80.1289321,521590,"21,538,187"
"Crown Holdings",NA,"Pennsylvania","Bucks",40.245664,-74.8459972,491060,"13,002,700"
"Quanta Service","Houston","Texas","Harris",29.7604267,-95.3698028,306470,"29,145,505"
"W.W. Grainger",NA,"Illinois","Lake",42.2586342,-87.840625,392350,"12,812,508"
"AutoZone","Memphis","Tennessee","Shelby",35.1495343,-90.0489801,292520,"6,910,840"
"Expedia Group","Bellevue","Washington","King",47.6101497,-122.2015159,903970,"7,705,281"
"Corning",NA,"New York","Steuben",42.1428521,-77.0546903,146260,"20,201,249"
"Laboratory Corp. of America","Burlington","North Carolina","Alamance",36.0956918,-79.4377991,295500,"10,439,388"
"Norfolk Southern","Norfolk","Virginia",NA,36.8507689,-76.2858726,NA,"8,631,393"
"Huntsman LLC","The Woodlands","Texas","Montgomery",30.1596297,-95.4564633,368940,"29,145,505"
"Reliance Steel & Aluminum Co","Los Angeles","California","Los Angeles",34.051473,-118.2514575,883230,"39,538,223"
"Xcel Energy","Minneapolis","Minnesota","Hennepin",44.9795754,-93.2705091,407520,"5,706,494"
"Unum Group","Chattanooga","Tennessee","Hamilton",35.0456297,-85.3096801,372350,"6,910,840"
"Group 1 Automotive","Houston","Texas","Harris",29.7777447,-95.5438873,306470,"29,145,505"
"BALL","Broomfield","Colorado",NA,39.9205411,-105.0866504,NA,"5,773,714"
"Farmers Insurance Exchange",NA,"California","Yolo",38.6785157,-121.7732971,633030,"39,538,223"
"Sempra Energy","San Diego","California","San Diego",32.715738,-117.1610838,928550,"39,538,223"
"Nvidia","Santa Clara","California","Santa Clara",37.3541079,-121.9552356,1558540,"39,538,223"
"Tenneco",NA,"Illinois","Lake",42.2586342,-87.840625,392350,"12,812,508"
"MGM Resorts International Career Center",NA,"Nevada","Clark",36.0712215,-115.1451887,457490,"3,104,614"
"Lithia Motors","Medford","Oregon","Jackson",42.3265152,-122.8755949,462170,"4,237,256"
"Steel Dynamics","Fort Wayne","Indiana","Allen",41.079273,-85.1393513,260380,"6,785,528"
"FirstEnergy Corp.","Akron","Ohio","Summit",41.083384,-81.5183258,241300,"11,799,448"
"LKQ ","Chicago","Illinois","Cook",41.8781136,-87.6297982,357630,"12,812,508"
"J.C. Penney","Plano","Texas","Collin",33.0198431,-96.6988856,541940,"29,145,505"
"CSX Corporation","Jacksonville","Florida","Duval",30.3245211,-81.6640579,339790,"21,538,187"
"Consolidated Edison Inc","New York","New York","New York",40.7277719,-73.9728317,1172110,"20,201,249"
"Bed Bath & Beyond","New York","New York","New York",40.7726316,-73.9818792,1172110,"20,201,249"
"Murphy USA","El Dorado","Arkansas","Union",33.20763,-92.6662674,124330,"3,011,524"
"ONEOK Field","Tulsa","Oklahoma","Tulsa",36.1604414,-95.9890152,268610,"3,959,353"
"Edison International",NA,"California","Los Angeles",34.0540475,-118.0806461,883230,"39,538,223"
"Global Partners LP","Waltham","Massachusetts","Middlesex",42.3547248,-71.2624797,793120,"7,029,917"
"Discover Financial Services",NA,"Illinois","Lake",42.1567624,-87.8901097,392350,"12,812,508"
"VF","Greensboro","North Carolina","Guilford",36.0726354,-79.7919754,316460,"10,439,388"
"Reinsurance Group of America Inc.",NA,"Missouri","St. Louis",38.661306,-90.56653,312860,"6,154,913"
"Core-Mark Holding","South San Francisco","California","San Mateo",37.654656,-122.4077498,1601600,"39,538,223"
"Ameriprise Financial -  Minneapolis","Minneapolis","Minnesota","Hennepin",44.975179,-93.2691191,407520,"5,706,494"
"Viacom","New York","New York","New York",40.7579353,-73.9861885,1172110,"20,201,249"
"State Street Corporation","Boston","Massachusetts","Suffolk",42.3527258,-71.0584443,739680,"7,029,917"
"BB and T Corp Winston-Salem","Winston-Salem","North Carolina","Forsyth",36.0998596,-80.244216,302120,"10,439,388"
"BJ's Wholesale Club",NA,"Massachusetts","Worcester",42.2695216,-71.6161294,484170,"7,029,917"
"Guardian Life Ins. Co. of America","New York","New York","New York",40.7127753,-74.0059728,1172110,"20,201,249"
"Newell Brands Hoboken",NA,"New Jersey","Hudson",40.7386606,-74.0277171,610440,"9,288,994"
"Henry Schein Inc",NA,"New York","Suffolk",40.7677654,-73.4175771,663980,"20,201,249"
"L Brands OH",NA,"Ohio","Franklin",39.9789437,-82.779035,327270,"11,799,448"
"Salesforce.com San Francisco","San Francisco","California",NA,37.7894338,-122.3964928,NA,"39,538,223"
"ADP Roseland",NA,"New Jersey","Essex",40.8155809,-74.31007,612980,"9,288,994"
"Dominion Energy Richmond","Richmond","Virginia",NA,37.541585,-77.437031,NA,"8,631,393"
"Anadarko","The Woodlands","Texas","Montgomery",30.1658207,-95.4612625,368940,"29,145,505"
"Alcoa Corporation","Pittsburgh","Pennsylvania","Allegheny",40.4477654,-80.0011301,254090,"13,002,700"
"Biogen","Cambridge","Massachusetts","Middlesex",42.3662897,-71.0857637,793120,"7,029,917"
"Kellogg","Battle Creek","Michigan","Calhoun",42.3523378,-85.2396898,183040,"10,077,331"
"Stryker","Kalamazoo","Michigan","Kalamazoo",42.2428207,-85.5553397,274280,"10,077,331"
"Dish Network Englewood","Englewood","Colorado","Douglas",39.54598,-104.856233,748570,"5,773,714"
"Estee Lauder New York","New York","New York","New York",40.7623565,-73.9693612,1172110,"20,201,249"
"Las Vegas Sands Corp Las Vegas","Las Vegas","Nevada","Clark",36.0894731,-115.1674317,457490,"3,104,614"
"Textron","Providence","Rhode Island","Providence",41.8249766,-71.4089253,444090,"1,097,379"
"Stanley black & decker","New Britain","Connecticut","Capitol Planning Region",41.677591,-72.7691948,NA,"3,605,944"
"Arconic New York","New York","New York","New York",40.7127753,-74.0059728,1172110,"20,201,249"
"Loews Regency New York","New York","New York","New York",40.7645507,-73.969144,1172110,"20,201,249"
"Qurate Retail Englewood","Englewood","Colorado","Arapahoe",39.6477653,-104.9877597,593960,"5,773,714"
"Kinder Morgan","Houston","Texas","Harris",29.7580033,-95.3676218,306470,"29,145,505"
"Community Health Systems Franklin","Franklin","Tennessee","Williamson",35.9250637,-86.8688899,888220,"6,910,840"
"United States Steel Pittsburgh","Pittsburgh","Pennsylvania","Allegheny",40.4406248,-79.9958864,254090,"13,002,700"
"BlackRock New York","New York","New York","New York",40.7590777,-73.9736148,1172110,"20,201,249"
"DTE Energy",NA,"Michigan","Washtenaw",42.374059,-84.078522,407140,"10,077,331"
"Principal Financial Group","Des Moines","Iowa","Polk",41.5886935,-93.6275465,288360,"3,190,369"
"Parker Hannifin Corp",NA,"Ohio","Cuyahoga",41.5065902,-81.4611707,225250,"11,799,448"
"CBS Corporation","New York","New York","New York",40.7611804,-73.9788194,1172110,"20,201,249"
"Booking Holdings Norwalk","Norwalk","Connecticut","Western Connecticut Planning Region",41.117744,-73.4081575,NA,"3,605,944"
"Ecolab","Saint Paul","Minnesota","Ramsey",44.9463336,-93.0973332,343940,"5,706,494"
"ITW  Glenview",NA,"Illinois","Cook",42.0579748,-87.8041219,357630,"12,812,508"
"Waste Management - Houston Houston","Houston","Texas","Harris",29.7561602,-95.3648818,306470,"29,145,505"
"Land O Lakes",NA,"Minnesota","Ramsey",45.062663,-93.150847,343940,"5,706,494"
"Mastercard",NA,"New York","Westchester",41.0234636,-73.7142761,732670,"20,201,249"
"Marsh Mclennan: Geiger Richard","New York","New York","New York",40.7568777,-73.9820345,1172110,"20,201,249"
"Ross Dress for Less",NA,"California","Alameda",37.7020159,-121.9314005,1108180,"39,538,223"
"Jacobs Engineering Group Dallas","Dallas","Texas","Dallas",32.7766642,-96.7969879,329370,"29,145,505"
"Celgene Corporation",NA,"New Jersey","Union",40.7090186,-74.3452692,647330,"9,288,994"
"Omnicom Group Inc","New York","New York","New York",40.7573566,-73.9753734,1172110,"20,201,249"
"PPG Industries Inc","Pittsburgh","Pennsylvania","Allegheny",40.4398325,-80.0034907,254090,"13,002,700"
"PayPal","San Jose","California","Santa Clara",37.3763719,-121.9226185,1558540,"39,538,223"
"Goodyear Auto Service",NA,"Ohio","Summit",40.9774039,-81.4927201,241300,"11,799,448"
"Colgate-Palmolive Company","New York","New York","New York",40.7570209,-73.9746695,1172110,"20,201,249"
"Supervalu  Eden Prairie",NA,"Minnesota","Hennepin",44.8562646,-93.4634171,407520,"5,706,494"
"General Mills  Minneapolis",NA,"Minnesota","Hennepin",44.9947801,-93.3931409,407520,"5,706,494"
"Texas Instruments","Dallas","Texas","Dallas",32.7766642,-96.7969879,329370,"29,145,505"
"Aramark HQ","Philadelphia","Pennsylvania","Philadelphia",39.953533,-75.1793605,266610,"13,002,700"
"Netflix Los Gatos",NA,"California","Santa Clara",37.2571032,-121.9641779,1558540,"39,538,223"
"Nordstrom Downtown Seattle","Seattle","Washington","King",47.6123411,-122.336287,903970,"7,705,281"
"Becton Dickinson  Franklin Lakes",NA,"New Jersey","Bergen",41.0169734,-74.2107153,694830,"9,288,994"
"Rockingham Estates by D.R. Horton America's Builder","Arlington","Texas","Tarrant",32.6176787,-97.0883611,350700,"29,145,505"
"Cognizant",NA,"New Jersey","Bergen",40.8729475,-74.0069886,694830,"9,288,994"
"American Electric Power Co","Columbus","Ohio","Franklin",39.9651773,-83.0060034,327270,"11,799,448"
"CDW",NA,"Illinois","Lake",42.1973796,-87.8886482,392350,"12,812,508"
"WestRock  Atlanta","Atlanta","Georgia","Fulton",33.9343834,-84.3544514,514220,"10,711,908"
"Jones Lang La Salle","Chicago","Illinois","Cook",41.880557,-87.6298254,357630,"12,812,508"
"Davita","Denver","Colorado",NA,39.7521886,-105.0034965,NA,"5,773,714"
"Lincoln Financial Group","Radnor Township","Pennsylvania","Delaware",40.043008,-75.3656481,385930,"13,002,700"
"Gap San Francisco","San Francisco","California",NA,37.7848185,-122.4074974,NA,"39,538,223"
"C.H. Robinson",NA,"Minnesota","Hennepin",44.820863,-93.460822,407520,"5,706,494"
"NextEra Energy Resources",NA,"Florida","Palm Beach",26.8591495,-80.0583923,521590,"21,538,187"
"PG&E San Francisco","San Francisco","California",NA,37.7915801,-122.3958235,NA,"39,538,223"
"Applied Materials Inc","Santa Clara","California","Santa Clara",37.3776247,-121.9787818,1558540,"39,538,223"
"EOG Resources Inc","Houston","Texas","Harris",29.7587886,-95.3708019,306470,"29,145,505"
"XPO Logistics","Bridgeport","Connecticut","Greater Bridgeport Planning Region",41.179974,-73.1706748,NA,"3,605,944"
"NGL Energy Partners LP","Tulsa","Oklahoma","Tulsa",36.0742323,-95.9250989,268610,"3,959,353"
"Emerson Electric Co.",NA,"Missouri","St. Louis",38.7315866,-90.2790342,312860,"6,154,913"
"Sherwin-Williams - Corporate Office","Cleveland","Ohio","Cuyahoga",41.4973117,-81.6924784,225250,"11,799,448"
"Performans Food Group Richmond","Richmond","Virginia",NA,37.5407246,-77.4360481,NA,"8,631,393"
"HollyFrontier Corporation","Dallas","Texas","Dallas",32.794481,-96.8081869,329370,"29,145,505"
"CarMax","Charlottesville","Virginia","Albemarle",38.0324236,-78.4460289,568920,"8,631,393"
"Synchrony Financial","Stamford","Connecticut","Western Connecticut Planning Region",41.097221,-73.561771,NA,"3,605,944"
"Tenet Healthcare Corporation","Dallas","Texas","Dallas",32.7847875,-96.8026417,329370,"29,145,505"
"Kimberly-Clark Corporation","Irving","Texas","Dallas",32.8700521,-96.9505585,329370,"29,145,505"
"Freeport-McMoRan Inc.","Phoenix","Arizona","Maricopa",33.4516712,-112.073049,488740,"7,151,502"
"Genuine Parts","Atlanta","Georgia","Fulton",33.7489954,-84.3879824,514220,"10,711,908"
"Molina Healthcare","Long Beach","California","Los Angeles",33.7700504,-118.1937395,883230,"39,538,223"
"Occidental Petroleum","Houston","Texas","Harris",29.7604267,-95.3698028,306470,"29,145,505"
"Icahn Enterprises","New York","New York","New York",40.7127753,-74.0059728,1172110,"20,201,249"
"Avnet","Phoenix","Arizona","Maricopa",33.4274453,-111.9799387,488740,"7,151,502"
"Fluor","Irving","Texas","Dallas",32.8140177,-96.9488945,329370,"29,145,505"
"Bank of New York Mellon","New York","New York","New York",40.714291,-74.0117809,1172110,"20,201,249"
"Altria Group Inc.",NA,"Virginia","Henrico",37.6024176,-77.5178714,400330,"8,631,393"
"Hartford Financial Services: Delacruz Cedric","Hartford","Connecticut","Hartford",41.769703,-72.6869808,NA,"3,605,944"
"Danaher Corporation","Washington","District of Columbia",NA,38.901756,-77.0493404,NA,"689,545"
"PNC Financial Services","Pittsburgh","Pennsylvania","Allegheny",40.4406248,-79.9958864,254090,"13,002,700"
"SYNNEX","Fremont","California","Alameda",37.5485396,-121.988583,1108180,"39,538,223"
"AECOM","Los Angeles","California","Los Angeles",34.0522342,-118.2436849,883230,"39,538,223"
"Kohl’s",NA,"Wisconsin","Waukesha",43.1788967,-88.1173132,461590,"5,893,718"
"WellCare Health Plans","Tampa","Florida","Hillsborough",27.950575,-82.4571776,422180,"21,538,187"
"Lennar","Miami","Florida","Miami-Dade",25.7616798,-80.1917902,555610,"21,538,187"
"VISA","San Francisco","California",NA,37.7749295,-122.4194155,NA,"39,538,223"
"Western Digital","San Jose","California","Santa Clara",37.3382082,-121.8863286,1558540,"39,538,223"
"Marriott International","Bethesda","Maryland","Montgomery",38.984652,-77.0947092,680160,"6,177,224"
"Broadcom","San Jose","California","Santa Clara",37.3382082,-121.8863286,1558540,"39,538,223"
"McDonald’s","Chicago","Illinois","Cook",41.8781136,-87.6297982,357630,"12,812,508"
"Whirlpool","Benton Harbor","Michigan","Berrien",42.1167065,-86.4541894,255630,"10,077,331"
"LEAR",NA,"Michigan","Oakland",42.4733688,-83.2218731,388210,"10,077,331"
"CBRE Global Headquarters","Los Angeles","California","Los Angeles",34.0516422,-118.2535883,883230,"39,538,223"
"AutoNation","Fort Lauderdale","Florida","Broward",26.1224386,-80.1373174,479150,"21,538,187"
"Tesla HQ","Palo Alto","California","Santa Clara",37.3947057,-122.1503251,1558540,"39,538,223"
"AFLAC","Columbus","Georgia","Muscogee",32.4609764,-84.9877094,227150,"10,711,908"
"Southwest Airlines","Dallas","Texas","Dallas",32.7766642,-96.7969879,329370,"29,145,505"
"ManpowerGroup","Milwaukee","Wisconsin","Milwaukee",43.0389025,-87.9064736,270080,"5,893,718"
"JABIL","Saint Petersburg","Florida","Pinellas",27.7676008,-82.6402915,400470,"21,538,187"
"Gilead Sciences",NA,"California","San Mateo",37.5669611,-122.2816328,1601600,"39,538,223"
"Bristol-Myers Squibb","New York","New York","New York",40.7127753,-74.0059728,1172110,"20,201,249"
"Qualcomm","San Jose","California","Santa Clara",37.3654663,-121.9151577,1558540,"39,538,223"
"Penske Automotive Group",NA,"Michigan","Oakland",42.6026454,-83.2879437,388210,"10,077,331"
"DOLLAR TREE","Chesapeake","Virginia",NA,36.7682088,-76.2874927,NA,"8,631,393"
"UNION PACIFIC","Omaha","Nebraska","Douglas",41.2565369,-95.9345034,300310,"1,961,504"
"International Paper","Memphis","Tennessee","Shelby",35.1006964,-89.8497443,292520,"6,910,840"
"CENTURYLINK","Monroe","Louisiana","Ouachita Parish",32.5093109,-92.1193012,NA,"4,657,757"
"SOUTHERN","Atlanta","Georgia","Fulton",33.7489954,-84.3879824,514220,"10,711,908"
"PACCAR ","Bellevue","Washington","King",47.6170064,-122.1997509,903970,"7,705,281"
"AMGEN","Thousand Oaks","California","Ventura",34.1705609,-118.8375937,890010,"39,538,223"
"Cummins","Indianapolis","Indiana","Marion",39.7681486,-86.1518866,250140,"6,785,528"
"Halliburton","Houston","Texas","Harris",29.9377567,-95.3404419,306470,"29,145,505"
"Duke Energy","Charlotte","North Carolina","Mecklenburg",35.223998,-80.848639,471910,"10,439,388"
"US Foods Holdings",NA,"Illinois","Cook",41.9867507,-87.8721602,357630,"12,812,508"
"Thermo Fisher Scientific","Waltham","Massachusetts","Middlesex",42.3929224,-71.2615943,793120,"7,029,917"
"Eli Lilly and Company Corporate Center","Indianapolis","Indiana","Marion",39.7559112,-86.1530808,250140,"6,785,528"
"DXC Technology",NA,"Virginia","Fairfax",38.9233855,-77.2214581,782680,"8,631,393"
"Starbucks","Seattle","Washington","King",47.610021,-122.342583,903970,"7,705,281"
"NUCOR","Charlotte","North Carolina","Mecklenburg",35.2270869,-80.8431267,471910,"10,439,388"
"Dollar General Corporate Headquarters",NA,"Tennessee","Davidson",36.3090261,-86.699065,452700,"6,910,840"
"MACY'S","Cincinnati","Ohio","Hamilton",39.1031182,-84.5120196,283180,"11,799,448"
"U.S. BANCORP","Minneapolis","Minnesota","Hennepin",44.977753,-93.2650108,407520,"5,706,494"
"Mondelez International",NA,"Illinois","Lake",42.1711365,-87.8445119,392350,"12,812,508"
"Kraft Heinz Innovation Center",NA,"Pennsylvania","Allegheny",40.6592545,-80.100283,254090,"13,002,700"
"Raytheon Company",NA,"Massachusetts","Middlesex",42.6378861,-71.2451602,793120,"7,029,917"
"PBF Energy",NA,"New Jersey","Morris",40.8474943,-74.4546895,677650,"9,288,994"
"INTL FCStone","New York","New York","New York",40.7552112,-73.9801333,1172110,"20,201,249"
"Northwestern Mutual","Milwaukee","Wisconsin","Milwaukee",43.040905,-87.901114,270080,"5,893,718"
"Philip Morris International Inc","New York","New York","New York",40.7518892,-73.9782981,1172110,"20,201,249"
"Arrow Electronics","Centennial","Colorado","Arapahoe",39.5814958,-104.8822406,593960,"5,773,714"
"Northrop Grumman","Falls Church","Virginia","Fairfax",38.8671114,-77.2148893,782680,"8,631,393"
"Rite Aid",NA,"Pennsylvania","Cumberland",40.2401756,-76.9353966,326060,"13,002,700"
"TRAVELERS  New York",NA,"New York","Suffolk",40.7736489,-73.4157247,663980,"20,201,249"
"Micron Technology","Boise","Idaho","Ada",43.6150186,-116.2023137,556040,"1,839,106"
"Twenty-First Century Fox","New York","New York","New York",40.7127753,-74.0059728,1172110,"20,201,249"
"Abbott Laboratories",NA,"Illinois","Lake",42.3008372,-87.8944668,392350,"12,812,508"
"Hewlett Packard Enterprise","Palo Alto","California","Santa Clara",37.4418834,-122.1430195,1558540,"39,538,223"
"USAA","San Antonio","Texas","Bexar",29.4241219,-98.4936282,289900,"29,145,505"
"Coca-Cola","Atlanta","Georgia","Fulton",33.7489954,-84.3879824,514220,"10,711,908"
"Progressive",NA,"Ohio","Cuyahoga",41.5519952,-81.4392828,225250,"11,799,448"
"Capital One Financial",NA,"Virginia","Fairfax",38.9338676,-77.1772604,782680,"8,631,393"
"CHS",NA,"Minnesota","Dakota",44.8480218,-93.0427153,400830,"5,706,494"
"ABBVIE",NA,"Illinois","Lake",42.325578,-87.8411818,392350,"12,812,508"
"3M","Saint Paul","Minnesota","Ramsey",44.9537029,-93.0899578,343940,"5,706,494"
"Plains GP holdings","Houston","Texas","Harris",29.7604267,-95.3698028,306470,"29,145,505"
"Exelon","Chicago","Illinois","Cook",41.8781136,-87.6297982,357630,"12,812,508"
"General Dynamics","Falls Church","Virginia",NA,38.882334,-77.1710914,NA,"8,631,393"
"Publix Super Markets","Lakeland","Florida","Polk",28.0394654,-81.9498042,302500,"21,538,187"
"NIKE","Beaverton","Oregon","Washington",45.4888761,-122.8013771,621730,"4,237,256"
"Enterprise Products Partners","Houston","Texas","Harris",29.7604267,-95.3698028,306470,"29,145,505"
"Tech Data","Clearwater","Florida","Pinellas",27.9658533,-82.8001026,400470,"21,538,187"
"DEERE","Moline","Illinois","Rock Island",41.5067003,-90.5151342,161500,"12,812,508"
"ConocoPhillips","Houston","Texas","Harris",29.7604267,-95.3698028,306470,"29,145,505"
"TJX","Framingham","Massachusetts","Middlesex",42.279286,-71.4161565,793120,"7,029,917"
"Massachusetts Mutual Life Insurance","Springfield","Massachusetts","Hampden",42.1014831,-72.589811,344760,"7,029,917"
"World Fuel Services","Miami","Florida","Miami-Dade",25.7616798,-80.1917902,555610,"21,538,187"
"ALLSTATE",NA,"Illinois","Cook",42.1275267,-87.8289548,357630,"12,812,508"
"Oracle ","Redwood City","California","San Mateo",37.4852152,-122.2363548,1601600,"39,538,223"
"Tyson Foods","Springdale","Arkansas","Washington",36.1867442,-94.1288141,363520,"3,011,524"
"TIAA","New York","New York","New York",40.7127753,-74.0059728,1172110,"20,201,249"
"United Continental Holdings","Chicago","Illinois","Cook",41.8781136,-87.6297982,357630,"12,812,508"
"Honeywell International",NA,"New Jersey","Morris",40.8395922,-74.4818698,677650,"9,288,994"
"Merck Kenilworth",NA,"New Jersey","Union",40.6764911,-74.2907032,647330,"9,288,994"
"Liberty Mutual Insurance Group","Boston","Massachusetts","Suffolk",42.3600825,-71.0588801,739680,"7,029,917"
"Best Buy",NA,"Minnesota","Hennepin",44.8832982,-93.2830021,407520,"5,706,494"
"Nationwide","Columbus","Ohio","Franklin",39.9611755,-82.9987942,327270,"11,799,448"
"American Express","New York","New York","New York",40.7127753,-74.0059728,1172110,"20,201,249"
"New York Life Insurance","New York","New York","New York",40.7127753,-74.0059728,1172110,"20,201,249"
"Charter Communications","Stamford","Connecticut","Western Connecticut Planning Region",41.0534302,-73.5387341,NA,"3,605,944"
"Delta Air Lines","Atlanta","Georgia","Fulton",33.7489954,-84.3879824,514220,"10,711,908"
"American Airlines Group","Fort Worth","Texas","Tarrant",32.7554883,-97.3307658,350700,"29,145,505"
"HCA Healthcare","Nashville","Tennessee","Davidson",36.1626638,-86.7816016,452700,"6,910,840"
"AIG","New York","New York","New York",40.7127753,-74.0059728,1172110,"20,201,249"
"Cigna",NA,"Connecticut","Capitol Planning Region",41.826488,-72.7300945,NA,"3,605,944"
"CISCO Systems","San Jose","California","Santa Clara",37.3382082,-121.8863286,1558540,"39,538,223"
"Morgan Stanley ","New York","New York","New York",40.7599978,-73.9854317,1172110,"20,201,249"
"Goldman Sachs Group","New York","New York","New York",40.7127753,-74.0059728,1172110,"20,201,249"
"Pfizer","New York","New York","New York",40.7127753,-74.0059728,1172110,"20,201,249"
"Lockheed Martin","Bethesda","Maryland","Montgomery",38.984652,-77.0947092,680160,"6,177,224"
"Energy Transfer","Dallas","Texas","Dallas",32.7766642,-96.7969879,329370,"29,145,505"
"Caterpillar",NA,"Illinois","Lake",42.1711365,-87.8445119,392350,"12,812,508"
"Facebook",NA,"California","San Mateo",37.4529598,-122.1817252,1601600,"39,538,223"
"Humana","Louisville","Kentucky","Jefferson",38.2526647,-85.7584557,266760,"4,505,836"
"HP","Palo Alto","California","Santa Clara",37.4418834,-122.1430195,1558540,"39,538,223"
"SYSCO","Houston","Texas","Harris",29.7604267,-95.3698028,306470,"29,145,505"
"Albertsons","Boise","Idaho","Ada",43.6150186,-116.2023137,556040,"1,839,106"
"Centene","Saint Louis","Missouri",NA,38.6270025,-90.1994042,NA,"6,154,913"
"Prudential Financial","Newark","New Jersey","Essex",40.7335424,-74.1710255,612980,"9,288,994"
"Archer Daniels Midland","Chicago","Illinois","Cook",41.8781136,-87.6297982,357630,"12,812,508"
"Pepsico","New York","New York","New York",40.7127753,-74.0059728,1172110,"20,201,249"
"Fedex","Memphis","Tennessee","Shelby",35.1495343,-90.0489801,292520,"6,910,840"
"United Technologies",NA,"Connecticut","Capitol Planning Region",41.7360305,-72.795027,NA,"3,605,944"
"Procter and Gamble","Cincinnati","Ohio","Hamilton",39.1031182,-84.5120196,283180,"11,799,448"
"MetLife","New York","New York","New York",40.7127753,-74.0059728,1172110,"20,201,249"
"INTEL","Santa Clara","California","Santa Clara",37.3541079,-121.9552356,1558540,"39,538,223"
"Lowes",NA,"North Carolina","Iredell",35.5859146,-80.8081413,376430,"10,439,388"
"United Parcel Service","Atlanta","Georgia","Fulton",33.7489954,-84.3879824,514220,"10,711,908"
"Freddie Mac",NA,"Virginia","Fairfax",38.9338676,-77.1772604,782680,"8,631,393"
"Target","Minneapolis","Minnesota","Hennepin",44.9748915,-93.2743017,407520,"5,706,494"
"IBM",NA,"New York","Westchester",41.1135751,-73.7160522,732670,"20,201,249"
"Johnson And Johnson","New Brunswick","New Jersey","Middlesex",40.4993693,-74.4419126,549800,"9,288,994"
"State Farm Insurance","Bloomington","Illinois","McLean",40.4771561,-88.9548523,239350,"12,812,508"
"DuPont De Nemours  ",NA,"Delaware","New Castle",39.7828904,-75.5671468,391290,"989,948"
"Dell Technologies ","Round Rock","Texas","Williamson",30.4883856,-97.6704209,466650,"29,145,505"
"Anthem","Indianapolis","Indiana","Marion",39.76462,-86.15301,250140,"6,785,528"
"Comcast","Philadelphia","Pennsylvania","Philadelphia",39.9549688,-75.168451,266610,"13,002,700"
"Marathon Petrolium","Findlay","Ohio","Hancock",41.04422,-83.6499321,247240,"11,799,448"
"Citigroup","New York","New York","New York",40.7127753,-74.0059728,1172110,"20,201,249"
"Wells Fargo","San Francisco","California",NA,37.7749295,-122.4194155,NA,"39,538,223"
"Boeing","Chicago","Illinois","Cook",41.8781136,-87.6297982,357630,"12,812,508"
"Home Depot","Atlanta","Georgia","Fulton",33.7489954,-84.3879824,514220,"10,711,908"
"Microsoft",NA,"Washington","King",47.6739881,-122.121512,903970,"7,705,281"
"Bank of America","Charlotte","North Carolina","Mecklenburg",35.2270869,-80.8431267,471910,"10,439,388"
"Valero Technology","San Antonio","Texas","Bexar",29.4241219,-98.4936282,289900,"29,145,505"
"Phillips","Houston","Texas","Harris",29.7604267,-95.3698028,306470,"29,145,505"
"Fannie Mae","Washington","District of Columbia",NA,38.9071923,-77.0368707,NA,"689,545"
"General Electric","Boston","Massachusetts","Suffolk",42.3600825,-71.0588801,739680,"7,029,917"
"Kroger","Cincinnati","Ohio","Hamilton",39.1031182,-84.5120196,283180,"11,799,448"
"Verizon Communication","New York","New York","New York",40.7127753,-74.0059728,1172110,"20,201,249"
"JP Morgan","New York","New York","New York",40.7127753,-74.0059728,1172110,"20,201,249"
"Walgreens Boots Alliance",NA,"Illinois","Lake",42.1711365,-87.8445119,392350,"12,812,508"
"Cardinal Health","Dublin","Ohio","Franklin",40.0992294,-83.1140771,327270,"11,799,448"
"Alphabet","Mountain View","California","Santa Clara",37.3860517,-122.0838511,1558540,"39,538,223"
"Costco Wholesale",NA,"Washington","King",47.5301011,-122.0326191,903970,"7,705,281"
"General Motors","Detroit","Michigan","Wayne",42.331427,-83.0457538,206910,"10,077,331"
"Exxon Mobil","Irving","Texas","Dallas",32.8140177,-96.9488945,329370,"29,145,505"
"McKesson","Irving","Texas","Dallas",32.8140177,-96.9488945,329370,"29,145,505"
"Ford Motor",NA,"Michigan","Wayne",42.3222599,-83.1763145,206910,"10,077,331"
"Chevron",NA,"California","Contra Costa",37.7799273,-121.9780153,887170,"39,538,223"
"Amerisource Bergen Drug Corporation Chesterbrook","Tredyffrin Township","Pennsylvania","Chester",40.0686079,-75.4683046,566540,"13,002,700"
"AT&T  ","Dallas","Texas","Dallas",32.8687682,-96.7692323,329370,"29,145,505"
"CVS Health ","Woonsocket","Rhode Island","Providence",41.9914346,-71.4889544,444090,"1,097,379"
"UnitedHealth Group",NA,"Minnesota","Hennepin",44.9211836,-93.4687489,407520,"5,706,494"
"Amazon","Seattle","Washington","King",47.6062095,-122.3320708,903970,"7,705,281"
"Berkshire Hathaway INC.","Omaha","Nebraska","Douglas",41.2565369,-95.9345034,300310,"1,961,504"
"Apple","Cupertino","California","Santa Clara",37.3229978,-122.0321823,1558540,"39,538,223"
"Walmart","Bentonville","Arkansas","Benton",36.3728538,-94.2088172,403390,"3,011,524"
NA,NA,"Alaska",NA,NA,NA,NA,"733,391"
NA,NA,"Hawaii",NA,NA,NA,NA,"1,455,271"
NA,NA,"Maine",NA,NA,NA,NA,"1,362,359"
NA,NA,"Mississippi",NA,NA,NA,NA,"2,961,279"
NA,NA,"Montana",NA,NA,NA,NA,"1,084,225"
NA,NA,"New Hampshire",NA,NA,NA,NA,"1,377,529"
NA,NA,"New Mexico",NA,NA,NA,NA,"2,117,522"
NA,NA,"North Dakota",NA,NA,NA,NA,"779,094"
NA,NA,"South Carolina",NA,NA,NA,NA,"5,118,425"
NA,NA,"South Dakota",NA,NA,NA,NA,"886,667"
NA,NA,"Vermont",NA,NA,NA,NA,"643,077"
NA,NA,"West Virginia",NA,NA,NA,NA,"1,793,716"
NA,NA,"Wyoming",NA,NA,NA,NA,"576,851"
